S.No.,"Vendor
Name","GST
IN",State,Manufacturer,"Drug
License
No.","Store
Name","PO
No.","PO
Date","GRN
No.","GRN
Status",GRN Type,"GRN
Date","GRN
Compl.
Date","Invoice
No.","Invoice
Date","Drug
Code","Drug
Description","HSN
Code","Purchase
UOM","Batch
No.","Mfg
Date","Expiry
Date","Free
Item",Tax Scheme Name, Qty , Rate , MRP ," MRP
(I/E) "," Total
Rate "," Disc
Amt "," Tax
Amt "," Grand
Total "
1,MOONLIGHT DISTRIBUTORS,06AJVPA0258J1Z4,Haryana,Care Formulation Labs Pvt,HR-771079 -OW/H,PS/MN/20B/00 (PH MAIN STORE),SE/PH/2026-27/3871,07-08-2026,SE/PH/GRN/26/4929,CLOSED,Against PO,08-08-2026,08-08-2026,4708,07-08-2026,TMF500,Traxpain MF 500mg tab,30049066,unit(s),136939^T261018,01-03-2026,29-02-2028,N,Inside State Purchase GST-5%, 500.00 , 7.26 , 19.60 , I ," 3,629.00 ", -   , 181.45 ," 3,810.45 "
2,N M MEDIWAYS,06AIPPK0664F1Z9,Haryana,Enthod Pharmacueticals Ltd,20B-13533 OW/H;21B-13334 W/H,PS/MN/20B/00 (PH MAIN STORE),SE/PH/2026-27/3640-A,07-08-2026,SE/PH/GRN/26/4930,CLOSED,Against PO,08-08-2026,08-08-2026,NM006532,05-08-2026,WXL010,Waxonil Activ  Ear Solvent,30049099,(1.00 x Bottle),131294^SW244,01-01-2026,31-12-2027,N,Inside State Purchase GST-5%, 50.00 , 112.86 , 148.13 , I ," 5,643.00 ", 282.15 , 268.04 ," 5,628.89 "
3,N M MEDIWAYS,06AIPPK0664F1Z9,Haryana,Enthod Pharmacueticals Ltd,20B-13533 OW/H;21B-13334 W/H,PS/MN/20B/00 (PH MAIN STORE),SE/PH/2026-27/3640-A,07-08-2026,SE/PH/GRN/26/4930,CLOSED,Against PO,08-08-2026,08-08-2026,NM006532,05-08-2026,WXL010,Waxonil Activ  Ear Solvent,30049099,(1.00 x Bottle),131294^SW244,01-01-2026,31-12-2027,Y,Inside State Purchase GST-5%, 15.00 , -   , 148.13 , I , -   , -   , -   , -   
4,Aggarwal Medical Agencies,06AAJFA3143P1ZA,Haryana,Glaxosmithkline Pharmaceuticals Ltd,10814003000484 /,PS/MN/20B/00 (PH MAIN STORE),SE/PH/2026-27/3797,05-08-2026,SE/PH/GRN/26/4931,CLOSED,Against PO,08-08-2026,08-08-2026,A010656,07-08-2026,BTSL005,Betnesol 0.5mg Tab,30043200,Tablet,137049^TA5H,01-04-2025,31-10-2027,N,Inside State Purchase GST-5%, 600.00 , 0.67 , 0.88 , I , 400.50 , 20.02 , 19.02 , 399.50 
5,Manu Pharma,07AAIPG4630L1ZO,Delhi,Franco - Indian Pharmaceuticals Limited,20B/21B 20965 7.8.2022,PS/MN/20B/00 (PH MAIN STORE),SE/PH/2026-27/3632,03-08-2026,SE/PH/GRN/26/4932,CLOSED,Against PO,08-08-2026,08-08-2026,SB-26-7700,07-08-2026,BNL001,Benalgis 100mg Tab,30049099,Tablet,137041^SH1576008,01-05-2026,30-04-2028,N,Outside State Purchase GST-5%," 1,000.00 ", 7.15 , 14.32 , I ," 7,154.00 ", 357.70 , 339.81 ," 7,136.11 "
6,Manu Pharma,07AAIPG4630L1ZO,Delhi,Franco - Indian Pharmaceuticals Limited,20B/21B 20965 7.8.2022,PS/MN/20B/00 (PH MAIN STORE),SE/PH/2026-27/3632,03-08-2026,SE/PH/GRN/26/4932,CLOSED,Against PO,08-08-2026,08-08-2026,SB-26-7700,07-08-2026,DXG200,Dexorange Syrup 200ml,30045010,(200.00 x Bottle),137042^S0166102,01-07-2026,31-12-2027,N,Outside State Purchase GST-5%, 70.00 , 98.74 , 217.30 , I ," 6,911.76 ", 345.59 , 328.31 ," 6,894.48 "
7,Manu Pharma,07AAIPG4630L1ZO,Delhi,Franco - Indian Pharmaceuticals Limited,20B/21B 20965 7.8.2022,PS/MN/20B/00 (PH MAIN STORE),SE/PH/2026-27/3632,03-08-2026,SE/PH/GRN/26/4932,CLOSED,Against PO,08-08-2026,08-08-2026,SB-26-7700,07-08-2026,DRG10,Dexorange Cap(30'S),30045010,(1.00 x Bottle),137039^GM0156182,01-06-2026,31-05-2028,N,Outside State Purchase GST-5%, 15.00 , 96.25 , 192.70 , I ," 1,443.69 ", 72.18 , 68.58 ," 1,440.09 "
8,Manu Pharma,07AAIPG4630L1ZO,Delhi,Franco - Indian Pharmaceuticals Limited,20B/21B 20965 7.8.2022,PS/MN/20B/00 (PH MAIN STORE),SE/PH/2026-27/3632,03-08-2026,SE/PH/GRN/26/4932,CLOSED,Against PO,08-08-2026,08-08-2026,SB-26-7700,07-08-2026,LCTSN1,Lactisyn 1gm Sachet,30049099,Sachet,137040^S1936014,01-04-2026,31-03-2028,N,Outside State Purchase GST-5%, 110.00 , 29.16 , 58.40 , I ," 3,207.58 ", 160.38 , 152.36 ," 3,199.56 "
9,Aggarwal Medical Agencies,06AAJFA3143P1ZA,Haryana,Johnson & Johnson Limited,10814003000484 /,PS/MN/20B/00 (PH MAIN STORE),SE/PH/2026-27/3860,07-08-2026,SE/PH/GRN/26/4933,CLOSED,Against PO,08-08-2026,08-08-2026,A010698,07-08-2026,ULT01,Ultracet Tab,30049079,Nos,136989^J116165,01-05-2026,30-04-2028,N,Inside State Purchase GST-5%," 1,500.00 ", 14.47 , 21.67 , I ," 21,703.95 "," 1,085.20 "," 1,030.94 "," 21,649.69 "
10,MODEL ENTERPRISES PRIVATE LIMITED,07AAACM8063E1ZL,Delhi,Intas Laboratories Pvt Ltd,"20B-DL-TGB-107397, 20F-DL-TGB-114185,21B-DL-TGB-10",PS/MN/20B/00 (PH MAIN STORE),SE/PH/2026-27/3830,05-08-2026,SE/PH/GRN/26/4934,CLOSED,Against PO,08-08-2026,08-08-2026,SB-26-43814,07-08-2026,BVTS400,Bevatas 400mg Inj,30021500,Vial,129542^24030120,01-03-2026,28-02-2029,N,Outside State Purchase GST-5%, 8.00 ," 7,000.00 "," 62,690.10 ", I ," 56,000.00 ", -   ," 2,800.00 "," 58,800.00 "
11,MODEL ENTERPRISES PRIVATE LIMITED,07AAACM8063E1ZL,Delhi,SUN PHARMACEUTICAL INDUSTRIES LTD,"20B-DL-TGB-107397, 20F-DL-TGB-114185,21B-DL-TGB-10",PS/MN/20B/00 (PH MAIN STORE),SE/PH/2026-27/3740,04-08-2026,SE/PH/GRN/26/4935,CLOSED,Against PO,08-08-2026,08-08-2026,SB-26-43768,07-08-2026,ISV100,Istavel 100mg Tab,30049099,Tablet,137003^GTH2043A,01-06-2026,31-05-2028,N,Outside State Purchase GST-5%, 710.00 , 9.77 , 17.50 , I ," 6,937.41 ", 346.87 , 329.53 ," 6,920.07 "
12,MODEL ENTERPRISES PRIVATE LIMITED,07AAACM8063E1ZL,Delhi,ABBOTT HEALTHCARE,"20B-DL-TGB-107397, 20F-DL-TGB-114185,21B-DL-TGB-10",PS/MN/20B/00 (PH MAIN STORE),SE/PH/2026-27/3513,29-07-2026,SE/PH/GRN/26/4936,CLOSED,Against PO,08-08-2026,08-08-2026,SB-26-43781,07-08-2026,NOVO32,Novofine Needle 32G,90183290,Nos,136980^PS7H04X-3,01-08-2024,31-07-2029,N,Outside State Purchase GST-5%, 700.00 , 14.35 , 17.13 , I ," 10,045.00 ", 502.25 , 477.14 ," 10,019.89 "
13,MODEL ENTERPRISES PRIVATE LIMITED,07AAACM8063E1ZL,Delhi,SUN PHARMACEUTICAL INDUSTRIES LTD,"20B-DL-TGB-107397, 20F-DL-TGB-114185,21B-DL-TGB-10",PS/MN/20B/00 (PH MAIN STORE),SE/PH/2026-27/3713,03-08-2026,SE/PH/GRN/26/4937,CLOSED,Against PO,08-08-2026,08-08-2026,SB-26-42850,04-08-2026,SLDL40,Silodal 4mg Cap,30049099,Capsules,134119^SIH0776A,01-05-2026,30-04-2028,N,Outside State Purchase GST-5%, 100.00 , 11.30 , 21.10 , I ," 1,130.30 ", 56.52 , 53.69 ," 1,127.47 "
14,MODEL ENTERPRISES PRIVATE LIMITED,07AAACM8063E1ZL,Delhi,SUN PHARMACEUTICAL INDUSTRIES LTD,"20B-DL-TGB-107397, 20F-DL-TGB-114185,21B-DL-TGB-10",PS/MN/20B/00 (PH MAIN STORE),SE/PH/2026-27/3713,03-08-2026,SE/PH/GRN/26/4937,CLOSED,Against PO,08-08-2026,08-08-2026,SB-26-42850,04-08-2026,SLD050,Silodal M 50 Tab,30049099,Tablet,137036^NED0032,01-06-2026,31-05-2028,N,Outside State Purchase GST-5%, 100.00 , 30.54 , 58.70 , I ," 3,053.60 ", 152.68 , 145.05 ," 3,045.97 "
15,MODEL ENTERPRISES PRIVATE LIMITED,07AAACM8063E1ZL,Delhi,SUN PHARMACEUTICAL INDUSTRIES LTD,"20B-DL-TGB-107397, 20F-DL-TGB-114185,21B-DL-TGB-10",PS/MN/20B/00 (PH MAIN STORE),SE/PH/2026-27/3850,06-08-2026,SE/PH/GRN/26/4938,CLOSED,Against PO,08-08-2026,08-08-2026,SB-26-43815,07-08-2026,DRNS30,Dronis 30 Tab (21's),30066020,Strips,134505^GKH0589A,01-04-2026,30-09-2028,N,Outside State Purchase GST-0%, 5.00 , 407.38 , 621.00 , I ," 2,036.90 ", 101.84 , -   ," 1,935.06 "
16,MODEL ENTERPRISES PRIVATE LIMITED,07AAACM8063E1ZL,Delhi,SUN PHARMACEUTICAL INDUSTRIES LTD,"20B-DL-TGB-107397, 20F-DL-TGB-114185,21B-DL-TGB-10",PS/MN/20B/00 (PH MAIN STORE),SE/PH/2026-27/3741,04-08-2026,SE/PH/GRN/26/4939,CLOSED,Against PO,08-08-2026,08-08-2026,SB-26-43773,07-08-2026,ATL10,Attentrol 10mg Cap,30049099,(1.00 x Capsules),136995^GTH1473A,01-05-2026,30-04-2029,N,Outside State Purchase GST-5%, 600.00 , 6.74 , 11.80 , I ," 4,041.00 ", 202.05 , 191.95 ," 4,030.90 "
17,MODEL ENTERPRISES PRIVATE LIMITED,07AAACM8063E1ZL,Delhi,SUN PHARMACEUTICAL INDUSTRIES LTD,"20B-DL-TGB-107397, 20F-DL-TGB-114185,21B-DL-TGB-10",PS/MN/20B/00 (PH MAIN STORE),SE/PH/2026-27/3741,04-08-2026,SE/PH/GRN/26/4939,CLOSED,Against PO,08-08-2026,08-08-2026,SB-26-43773,07-08-2026,FOD020,Famocid 20mg Tab,30049039,Tablet,131167^GKG2318A,01-01-2026,31-12-2028,N,Outside State Purchase GST-5%, 420.00 , 0.27 , 0.43 , I , 113.40 , 5.67 , 5.39 , 113.12 
18,MODEL ENTERPRISES PRIVATE LIMITED,07AAACM8063E1ZL,Delhi,SUN PHARMACEUTICAL INDUSTRIES LTD,"20B-DL-TGB-107397, 20F-DL-TGB-114185,21B-DL-TGB-10",PS/MN/20B/00 (PH MAIN STORE),SE/PH/2026-27/3741,04-08-2026,SE/PH/GRN/26/4939,CLOSED,Against PO,08-08-2026,08-08-2026,SB-26-43773,07-08-2026,PMX025,Primox 25mg Tab,30049099,Tablet,136994^CGD0061,01-03-2026,28-02-2030,N,Outside State Purchase GST-5%, 800.00 , 2.93 , 4.69 , I ," 2,343.20 ", 117.16 , 111.30 ," 2,337.34 "
19,N.R.I. HEALTH AIDS,07AECPG5851R1Z1,Haryana,Allergan India Limited,108224(20B)108225(21B),PS/MN/20B/00 (PH MAIN STORE),SE/PH/2026-27/3869,06-08-2026,SE/PH/GRN/26/4940,CLOSED,Against PO,08-08-2026,08-08-2026,SB-26-6767,07-08-2026,BTX200,Botox 200 Units Inj,30024920,Vial,131174^D1037C4,01-08-2025,31-07-2028,N,Outside State Purchase GST-5%, 13.00 ," 32,312.00 "," 41,744.00 ", I ," 4,20,056.00 "," 91,026.14 "," 16,451.49 "," 3,45,481.36 "
20,CHATUR BHUJ & BROS,07AAAFC3820G1ZY,Delhi,Galderma India Pvt Ltd,"20_115464, 20B _ 115465, 21 _ 115466, 21B _115467",PS/MN/20B/00 (PH MAIN STORE),SE/PH/2026-27/3792,05-08-2026,SE/PH/GRN/26/4941,CLOSED,Against PO,08-08-2026,08-08-2026,CB34477,08-08-2026,RES20,Restylane Skinboosters Vital Lidnocaine 1ml,33049990,Nos,136993^27676-1,01-02-2026,31-01-2028,N,Outside State Purchase GST-18%, 1.00 ," 10,971.00 "," 14,751.00 ", I ," 10,971.00 "," 1,645.65 "," 1,678.56 "," 11,003.91 "
21,N.R.I. HEALTH AIDS,07AECPG5851R1Z1,Haryana,Alembic Chemical Works Co.Ltd,108224(20B)108225(21B),PS/MN/20B/00 (PH MAIN STORE),SE/PH/2026-27/3641,03-08-2026,SE/PH/GRN/26/4942,CLOSED,Against PO,08-08-2026,08-08-2026,SB-26-6621,04-08-2026,RCHR100,Richar CR 100mg Tab,30045010,Tablet,117327^BP6605005,01-01-2026,31-12-2027,N,Outside State Purchase GST-5%, 100.00 , 12.44 , 20.15 , I ," 1,244.20 ", 62.21 , 59.10 ," 1,241.09 "
22,N.R.I. HEALTH AIDS,07AECPG5851R1Z1,Haryana,Alembic Chemical Works Co.Ltd,108224(20B)108225(21B),PS/MN/20B/00 (PH MAIN STORE),SE/PH/2026-27/3641,03-08-2026,SE/PH/GRN/26/4942,CLOSED,Against PO,08-08-2026,08-08-2026,SB-26-6621,04-08-2026,RCHR100,Richar CR 100mg Tab,30045010,Tablet,137001^BP26005034,01-05-2026,30-04-2028,N,Outside State Purchase GST-5%, 100.00 , 12.44 , 20.15 , I ," 1,244.20 ", 62.21 , 59.10 ," 1,241.09 "
23,N.R.I. HEALTH AIDS,07AECPG5851R1Z1,Haryana,Alembic Chemical Works Co.Ltd,108224(20B)108225(21B),PS/MN/20B/00 (PH MAIN STORE),SE/PH/2026-27/3641,03-08-2026,SE/PH/GRN/26/4942,CLOSED,Against PO,08-08-2026,08-08-2026,SB-26-6621,04-08-2026,VECL01,VEHYCAL Tab,21069099,Tablet,135421^BO6852002,01-03-2026,28-02-2028,N,Outside State Purchase GST-5%, 120.00 , 7.85 , 12.70 , I , 942.36 , 47.12 , 44.76 , 940.00 
24,N.R.I. HEALTH AIDS,07AECPG5851R1Z1,Haryana,SHREYA LIFE SCIENCES PVT LTD,108224(20B)108225(21B),PS/MN/20B/00 (PH MAIN STORE),SE/PH/2026-27/3879,07-08-2026,SE/PH/GRN/26/4943,CLOSED,Against PO,08-08-2026,08-08-2026,SB-26-6799,07-08-2026,HLX100,Healex Plus Spray,30049087,Canister,124246^SR25203,01-11-2025,31-10-2028,N,Outside State Purchase GST-5%, 10.00 , 238.29 , 342.46 , I ," 2,382.90 ", 119.14 , 113.19 ," 2,376.94 "
25,VALTURE PHARMACEUTICAL LLP,06AATFV2800J1ZX,Haryana,Eyox Wellness Private Limited,HR-770997 -OW/H & HR -HR-770997 -W/H,PS/MN/20B/00 (PH MAIN STORE),SE/PH/2026-27/3841,05-08-2026,SE/PH/GRN/26/4944,CLOSED,Against PO,08-08-2026,08-08-2026,A001434,08-08-2026,OK500,OkMag 500Mg Tab,30049099,Nos,136992^SPT-05967,01-06-2026,31-05-2028,N,Inside State Purchase GST-5%, 600.00 , 24.57 , 43.00 , I ," 14,742.60 ", 737.13 , 700.27 ," 14,705.74 "
26,VALTURE PHARMACEUTICAL LLP,06AATFV2800J1ZX,Haryana,Eyox Wellness Private Limited,HR-770997 -OW/H & HR -HR-770997 -W/H,PS/MN/20B/00 (PH MAIN STORE),SE/PH/2026-27/3841,05-08-2026,SE/PH/GRN/26/4944,CLOSED,Against PO,08-08-2026,08-08-2026,A001434,08-08-2026,TIN200,T-NINE 200ml Syp,21069099,Nos,136991^UL26F126,01-06-2025,30-11-2027,N,Inside State Purchase GST-5%, 40.00 , 482.85 , 845.00 , I ," 19,314.00 ", 965.70 , 917.41 ," 19,265.72 "
27,N.R.I. HEALTH AIDS,07AECPG5851R1Z1,Haryana,ADLEY FORMULATIONS,108224(20B)108225(21B),PS/MN/20B/00 (PH MAIN STORE),SE/PH/2026-27/3745,04-08-2026,SE/PH/GRN/26/4945,CLOSED,Against PO,08-08-2026,08-08-2026,SB-26-6619,04-08-2026,MEG168,Caxfila 160mg tab,30049099,Tablet,135407^ACT2514MGB,01-11-2025,31-10-2027,N,Outside State Purchase GST-5%, 200.00 , 25.00 , 96.10 , I ," 5,000.00 ", -   , 250.00 ," 5,250.00 "
28,N.R.I. HEALTH AIDS,07AECPG5851R1Z1,Haryana,ADLEY FORMULATIONS,108224(20B)108225(21B),PS/MN/20B/00 (PH MAIN STORE),SE/PH/2026-27/3745,04-08-2026,SE/PH/GRN/26/4945,CLOSED,Against PO,08-08-2026,08-08-2026,SB-26-6619,04-08-2026,ADL10,Adlante 10mg Cap(10's),30049049,Strip,136999^BC26018A,01-01-2026,31-12-2027,N,Outside State Purchase GST-5%, 6.00 , 900.00 ," 2,991.00 ", I ," 5,400.00 ", -   , 270.00 ," 5,670.00 "
29,N.R.I. HEALTH AIDS,07AECPG5851R1Z1,Haryana,Walter Bushnell,108224(20B)108225(21B),PS/MN/20B/00 (PH MAIN STORE),SE/PH/2026-27/3746,04-08-2026,SE/PH/GRN/26/4946,CLOSED,Against PO,08-08-2026,08-08-2026,SB-26-6620,04-08-2026,DON 040,Drotin 40mg Tab,30031000,Tablet,136996^TDR-1044,01-03-2026,28-02-2028,N,Outside State Purchase GST-5%, 900.00 , 8.06 , 10.58 , I ," 7,254.00 ", 362.70 , 344.56 ," 7,235.86 "
30,N.R.I. HEALTH AIDS,07AECPG5851R1Z1,Haryana,Walter Bushnell,108224(20B)108225(21B),PS/MN/20B/00 (PH MAIN STORE),SE/PH/2026-27/3746,04-08-2026,SE/PH/GRN/26/4946,CLOSED,Against PO,08-08-2026,08-08-2026,SB-26-6620,04-08-2026,DRTNM80,Drotin-M Tab,30031000,Tablet,136997^TDMR-1900,01-02-2026,31-01-2028,N,Outside State Purchase GST-5%, 250.00 , 20.23 , 26.55 , I ," 5,057.25 ", 252.86 , 240.22 ," 5,044.61 "
31,N.R.I. HEALTH AIDS,07AECPG5851R1Z1,Haryana,Walter Bushnell,108224(20B)108225(21B),PS/MN/20B/00 (PH MAIN STORE),SE/PH/2026-27/3746,04-08-2026,SE/PH/GRN/26/4946,CLOSED,Against PO,08-08-2026,08-08-2026,SB-26-6620,04-08-2026,DRTN40,Drotin 2ml Inj,30031000,Ampoule,136998^MHE-1479,01-06-2026,31-05-2028,N,Outside State Purchase GST-5%, 400.00 , 29.45 , 38.65 , I ," 11,780.00 ", 589.00 , 559.55 ," 11,750.55 "
32,HARKRISHAN MEDICALS,07AAEFH3502Q1Z9,Delhi,Becton Dickinson India  Pvt. Ltd,,PS/MN/20B/00 (PH MAIN STORE),SE/PH/2026-27/3625,03-08-2026,SE/PH/GRN/26/4947,CLOSED,Against PO,08-08-2026,08-08-2026,A009386,05-08-2026,PFS10,Prefilled With Normal Saline 10ml (Posiflush),90183100,Ampoule,134193^6055627,01-03-2026,28-02-2029,N,Outside State Purchase GST-5%," 2,220.00 ", 31.50 , 68.50 , I ," 69,930.00 "," 3,496.50 "," 3,321.68 "," 69,755.18 "
33,HARKRISHAN MEDICALS,07AAEFH3502Q1Z9,Delhi,Becton Dickinson India  Pvt. Ltd,,PS/MN/20B/00 (PH MAIN STORE),SE/PH/2026-27/3625,03-08-2026,SE/PH/GRN/26/4947,CLOSED,Against PO,08-08-2026,08-08-2026,A009386,05-08-2026,PFS10,Prefilled With Normal Saline 10ml (Posiflush),90183100,Ampoule,137006^6119101,01-05-2026,30-04-2029,N,Outside State Purchase GST-5%, 180.00 , 31.50 , 68.50 , I ," 5,670.00 ", 283.50 , 269.32 ," 5,655.82 "
34,PHARMAGIX,06ABBFP4852H1Z8,Haryana,H S ALDEM HEALTH CARE,"21B -WLF21B2024HR002161, 20B - WLF20B2024HR002157",PS/MN/20B/00 (PH MAIN STORE),SE/PH/2026-27/3752,04-08-2026,SE/PH/GRN/26/4948,CLOSED,Against PO,08-08-2026,08-08-2026,A001937,08-08-2026,LDB2,LD Bone K-2 Tab,30049099,Tablet,137000^DT607015B,01-07-2026,30-06-2028,N,Inside State Purchase GST-5%," 2,400.00 ", 17.14 , 32.45 , I ," 41,136.00 "," 2,056.80 "," 1,953.96 "," 41,033.16 "
35,PHARMAGIX,06ABBFP4852H1Z8,Haryana,H S ALDEM HEALTH CARE,"21B -WLF21B2024HR002161, 20B - WLF20B2024HR002157",PS/MN/20B/00 (PH MAIN STORE),SE/PH/2026-27/3522,29-07-2026,SE/PH/GRN/26/4949,CLOSED,Against PO,08-08-2026,08-08-2026,A001938,08-08-2026,LDB2,LD Bone K-2 Tab,30049099,Tablet,137000^DT607015B,01-07-2026,30-06-2028,N,Inside State Purchase GST-5%," 2,000.00 ", 17.14 , 32.45 , I ," 34,280.00 "," 1,714.00 "," 4,884.90 "," 37,450.90 "
36,PHARMAGIX,06ABBFP4852H1Z8,Haryana,SAMARTH PHARMACEUTICALS,"21B -WLF21B2024HR002161, 20B - WLF20B2024HR002157",PS/MN/20B/00 (PH MAIN STORE),SE/PH/2026-27/3880,07-08-2026,SE/PH/GRN/26/4950,CLOSED,Against PO,08-08-2026,08-08-2026,A001934,08-08-2026,DUR1503,Duron 150mg/3ml Inj,30049079,Ampoule,136990^IADRA1604,01-03-2026,29-02-2028,N,Inside State Purchase GST-5%, 100.00 , 18.00 , 67.68 , I ," 1,800.00 ", 90.00 , 85.50 ," 1,795.50 "
37,PHARMAGIX,06ABBFP4852H1Z8,Haryana,SAMARTH PHARMACEUTICALS,"21B -WLF21B2024HR002161, 20B - WLF20B2024HR002157",PS/MN/20B/00 (PH MAIN STORE),SE/PH/2026-27/3880,07-08-2026,SE/PH/GRN/26/4950,CLOSED,Against PO,08-08-2026,08-08-2026,A001934,08-08-2026,DUR1503,Duron 150mg/3ml Inj,30049079,Ampoule,131071^IADRA1607,01-03-2026,29-02-2028,N,Inside State Purchase GST-5%, 200.00 , 18.00 , 67.68 , I ," 3,600.00 ", 180.00 , 171.00 ," 3,591.00 "
38,PHARMAGIX,06ABBFP4852H1Z8,Haryana,Eurolife Healthcare Pvt Ltd.,"21B -WLF21B2024HR002161, 20B - WLF20B2024HR002157",PS/MN/20B/00 (PH MAIN STORE),SE/PH/2026-27/3806,05-08-2026,SE/PH/GRN/26/4951,CLOSED,Against PO,08-08-2026,08-08-2026,A001939,08-08-2026,DHNSE500,Dextrose Half Normal Saline 500ml(Lifeport-Eurolife),30049099,Nos,111716^LSDH5009,01-11-2025,31-10-2028,N,Inside State Purchase GST-5%, 125.00 , 27.50 , 325.85 , I ," 3,437.50 ", 171.88 , 326.56 ," 3,592.19 "
39,PHARMAGIX,06ABBFP4852H1Z8,Haryana,Eurolife Healthcare Pvt Ltd.,"21B -WLF21B2024HR002161, 20B - WLF20B2024HR002157",PS/MN/20B/00 (PH MAIN STORE),SE/PH/2026-27/3806,05-08-2026,SE/PH/GRN/26/4951,CLOSED,Against PO,08-08-2026,08-08-2026,A001939,08-08-2026,PARA100EN,Paralife 100ml (Eurolife-Nipplehead)Iv,30049061,Bottle,126335^PCM6008,01-04-2026,31-03-2029,N,Inside State Purchase GST-5%, 300.00 , 23.25 , 786.20 , I ," 6,975.00 ", 348.75 , 662.62 ," 7,288.87 "
40,PHARMAGIX,06ABBFP4852H1Z8,Haryana,SAMARTH PHARMACEUTICALS,"21B -WLF21B2024HR002161, 20B - WLF20B2024HR002157",PS/MN/20B/00 (PH MAIN STORE),SE/PH/2026-27/3864,07-08-2026,SE/PH/GRN/26/4952,CLOSED,Against PO,08-08-2026,08-08-2026,A001935,08-08-2026,FRN010,Frenin 10mg Inj,30049099,Ampoule,107233^IPLHAK504,01-09-2025,31-08-2027,N,Inside State Purchase GST-5%, 50.00 , 116.00 , 287.25 , I ," 5,800.00 ", 290.00 , 275.50 ," 5,785.50 "
41,PHARMAGIX,06ABBFP4852H1Z8,Haryana,SAMARTH PHARMACEUTICALS,"21B -WLF21B2024HR002161, 20B - WLF20B2024HR002157",PS/MN/20B/00 (PH MAIN STORE),SE/PH/2026-27/3556,31-07-2026,SE/PH/GRN/26/4953,CLOSED,Against PO,08-08-2026,08-08-2026,A001924,07-08-2026,ISN002,Isolin 2mg/ml Inj,30044090,Ampoule,136987^ISPRA1603,01-04-2026,31-03-2028,N,Inside State Purchase GST-5%, 30.00 , 34.00 , 69.62 , I ," 1,020.00 ", 51.00 , 48.45 ," 1,017.45 "
42,PHARMAGIX,06ABBFP4852H1Z8,Haryana,SAMARTH PHARMACEUTICALS,"21B -WLF21B2024HR002161, 20B - WLF20B2024HR002157",PS/MN/20B/00 (PH MAIN STORE),SE/PH/2026-27/3171,17-07-2026,SE/PH/GRN/26/4954,CLOSED,Against PO,08-08-2026,08-08-2026,A001923,07-08-2026,KNDN10,Kenadion 10mg Tab,30045090,Tablet,136988^TPMDAT606,01-03-2026,28-02-2028,N,Inside State Purchase GST-5%, 200.00 , 9.80 , 15.53 , I ," 1,960.00 ", 98.00 , 186.20 ," 2,048.20 "
43,PHARMAGIX,06ABBFP4852H1Z8,Haryana,SAMARTH PHARMACEUTICALS,"21B -WLF21B2024HR002161, 20B - WLF20B2024HR002157",PS/MN/20B/00 (PH MAIN STORE),SE/PH/2026-27/3524,29-07-2026,SE/PH/GRN/26/4955,CLOSED,Against PO,08-08-2026,08-08-2026,A001926,07-08-2026,TRNM500,Tranemic 500mg/5ml Inj,30049099,Ampoule,137005^ITRNAK603,01-03-2026,29-02-2028,N,Inside State Purchase GST-5%, 300.00 , 15.00 , 73.21 , I ," 4,500.00 ", 225.00 , 213.75 ," 4,488.75 "
44,PHARMAGIX,06ABBFP4852H1Z8,Haryana,Torrent Pharmaceuticals Limited,"21B -WLF21B2024HR002161, 20B - WLF20B2024HR002157",PS/MN/20B/00 (PH MAIN STORE),SE/PH/2026-27/3716,03-08-2026,SE/PH/GRN/26/4956,CLOSED,Against PO,08-08-2026,08-08-2026,A001919,06-08-2026,LFR010,Lefra 10mg Tab,30049069,Tablet,133992^TPT26011,01-03-2026,28-02-2028,N,Inside State Purchase GST-5%, 150.00 , 2.75 , 15.45 , I , 412.50 , 20.62 , 19.59 , 411.47 
45,PHARMAGIX,06ABBFP4852H1Z8,Haryana,Torrent Pharmaceuticals Limited,"21B -WLF21B2024HR002161, 20B - WLF20B2024HR002157",PS/MN/20B/00 (PH MAIN STORE),SE/PH/2026-27/3224,17-07-2026,SE/PH/GRN/26/4957,CLOSED,Against PO,08-08-2026,08-08-2026,A001941,08-08-2026,GNT300,Gabator NT 300mg Tab,30049081,Tablet,115097^AJX02AUA,01-08-2025,31-07-2027,N,Inside State Purchase GST-5%, 15.00 , 7.00 , 21.98 , I , 105.00 , 5.25 , 4.99 , 104.74 
46,PHARMAGIX,06ABBFP4852H1Z8,Haryana,SAMARTH PHARMACEUTICALS,"21B -WLF21B2024HR002161, 20B - WLF20B2024HR002157",PS/MN/20B/00 (PH MAIN STORE),SE/PH/2026-27/3754,04-08-2026,SE/PH/GRN/26/4958,CLOSED,Against PO,08-08-2026,08-08-2026,A001925,07-08-2026,TRNM500,Tranemic 500mg/5ml Inj,30049099,Ampoule,137002^ITRNAK603,01-03-2026,28-02-2028,N,Inside State Purchase GST-5%, 300.00 , 15.00 , 73.21 , I ," 4,500.00 ", 225.00 , 213.75 ," 4,488.75 "
47,PHARMAGIX,06ABBFP4852H1Z8,Haryana,Torrent Pharmaceuticals Limited,"21B -WLF21B2024HR002161, 20B - WLF20B2024HR002157",PS/MN/20B/00 (PH MAIN STORE),SE/PH/2026-27/3666,03-08-2026,SE/PH/GRN/26/4959,CLOSED,Against PO,08-08-2026,08-08-2026,A001913,06-08-2026,APX005,Alprax 0.5mg Tab,30049088,Tablet,136983^2E10N003,01-03-2026,28-02-2029,N,Inside State Purchase GST-5%," 1,050.00 ", 0.27 , 5.42 , I , 283.50 , 14.18 , 26.93 , 296.26 
48,PHARMAGIX,06ABBFP4852H1Z8,Haryana,Torrent Pharmaceuticals Limited,"21B -WLF21B2024HR002161, 20B - WLF20B2024HR002157",PS/MN/20B/00 (PH MAIN STORE),SE/PH/2026-27/3666,03-08-2026,SE/PH/GRN/26/4959,CLOSED,Against PO,08-08-2026,08-08-2026,A001913,06-08-2026,AMA50,Amazeo 50mg Tab,30049099,Tablet,136981^2D38N001,01-08-2026,31-01-2028,N,Inside State Purchase GST-5%, 350.00 , 2.30 , 11.22 , I , 806.75 , 40.34 , 76.64 , 843.05 
49,PHARMAGIX,06ABBFP4852H1Z8,Haryana,Torrent Pharmaceuticals Limited,"21B -WLF21B2024HR002161, 20B - WLF20B2024HR002157",PS/MN/20B/00 (PH MAIN STORE),SE/PH/2026-27/3666,03-08-2026,SE/PH/GRN/26/4959,CLOSED,Against PO,08-08-2026,08-08-2026,A001913,06-08-2026,DLZ030,Dilzem 30mg Tab,30049079,Tablet,136984^CUB2N006,01-03-2026,28-02-2030,N,Inside State Purchase GST-5%, 150.00 , 0.69 , 2.86 , I , 103.50 , 5.17 , 9.83 , 108.16 
50,PHARMAGIX,06ABBFP4852H1Z8,Haryana,Torrent Pharmaceuticals Limited,"21B -WLF21B2024HR002161, 20B - WLF20B2024HR002157",PS/MN/20B/00 (PH MAIN STORE),SE/PH/2026-27/3666,03-08-2026,SE/PH/GRN/26/4959,CLOSED,Against PO,08-08-2026,08-08-2026,A001913,06-08-2026,LOP2,Lopamide 2mg Tab,30049039,Tablet,136985^2G92N003,01-04-2026,31-03-2029,N,Inside State Purchase GST-5%, 750.00 , 1.08 , 2.44 , I , 808.50 , 40.42 , 76.81 , 844.88 
51,PHARMAGIX,06ABBFP4852H1Z8,Haryana,Torrent Pharmaceuticals Limited,"21B -WLF21B2024HR002161, 20B - WLF20B2024HR002157",PS/MN/20B/00 (PH MAIN STORE),SE/PH/2026-27/3666,03-08-2026,SE/PH/GRN/26/4959,CLOSED,Against PO,08-08-2026,08-08-2026,A001913,06-08-2026,LOS50,Losar 50mg Tab,30049099,Tablet,136986^9FY8M011,01-12-2025,30-11-2028,N,Inside State Purchase GST-5%, 45.00 , 6.00 , 11.89 , I , 270.00 , 13.50 , 25.65 , 282.15 
52,PHARMAGIX,06ABBFP4852H1Z8,Haryana,Torrent Pharmaceuticals Limited,"21B -WLF21B2024HR002161, 20B - WLF20B2024HR002157",PS/MN/20B/00 (PH MAIN STORE),SE/PH/2026-27/3666,03-08-2026,SE/PH/GRN/26/4959,CLOSED,Against PO,08-08-2026,08-08-2026,A001913,06-08-2026,LOS50,Losar 50mg Tab,30049099,Tablet,136982^9FY8N003,01-02-2026,31-01-2029,N,Inside State Purchase GST-5%, 75.00 , 6.00 , 11.89 , I , 450.00 , 22.50 , 42.75 , 470.25 
53,PHARMAGIX,06ABBFP4852H1Z8,Haryana,SAMARTH PHARMACEUTICALS,"21B -WLF21B2024HR002161, 20B - WLF20B2024HR002157",PS/MN/20B/00 (PH MAIN STORE),SE/PH/2026-27/2851,06-07-2026,SE/PH/GRN/26/4960,CLOSED,Against PO,08-08-2026,08-08-2026,A001943,08-08-2026,HMT025,Hamostat 250mg/ml 20ml IV,30049099,Vial,137016^IACAA1604,01-06-2026,31-05-2028,N,Inside State Purchase GST-5%, 23.00 , 115.00 , 193.77 , I ," 2,645.00 ", 132.25 , 125.64 ," 2,638.39 "
54,PHARMAGIX,06ABBFP4852H1Z8,Haryana,Torrent Pharmaceuticals Limited,"21B -WLF21B2024HR002161, 20B - WLF20B2024HR002157",PS/MN/20B/00 (PH MAIN STORE),SE/PH/2026-27/3663,03-08-2026,SE/PH/GRN/26/4961,CLOSED,Against PO,08-08-2026,08-08-2026,A001916,06-08-2026,GRNT10,Gabator NT 100mg Tab,30049081,Tablet,132116^26S2GTA758,01-03-2026,31-08-2027,N,Inside State Purchase GST-5%," 1,500.00 ", 3.00 , 13.66 , I ," 4,500.00 ", 225.00 , 641.25 ," 4,916.25 "
55,PHARMAGIX,06ABBFP4852H1Z8,Haryana,Torrent Pharmaceuticals Limited,"21B -WLF21B2024HR002161, 20B - WLF20B2024HR002157",PS/MN/20B/00 (PH MAIN STORE),SE/PH/2026-27/3663,03-08-2026,SE/PH/GRN/26/4961,CLOSED,Against PO,08-08-2026,08-08-2026,A001916,06-08-2026,GBRN40,Gabator NT 400mg Tab,30049081,Tablet,137031^J0027,01-01-2026,31-12-2027,N,Inside State Purchase GST-5%, 500.00 , 8.00 , 34.28 , I ," 4,000.00 ", 200.00 , 570.00 ," 4,370.00 "
56,PHARMAGIX,06ABBFP4852H1Z8,Haryana,Torrent Pharmaceuticals Limited,"21B -WLF21B2024HR002161, 20B - WLF20B2024HR002157",PS/MN/20B/00 (PH MAIN STORE),SE/PH/2026-27/3663,03-08-2026,SE/PH/GRN/26/4961,CLOSED,Against PO,08-08-2026,08-08-2026,A001916,06-08-2026,MDS050,Midorise 5mg Tab,30049099,Tablet,135661^GFDG0010,01-03-2026,28-02-2028,N,Inside State Purchase GST-5%, 200.00 , 20.00 , 81.66 , I ," 4,000.00 ", 200.00 , 570.00 ," 4,370.00 "
57,PHARMAGIX,06ABBFP4852H1Z8,Haryana,Torrent Pharmaceuticals Limited,"21B -WLF21B2024HR002161, 20B - WLF20B2024HR002157",PS/MN/20B/00 (PH MAIN STORE),SE/PH/2026-27/3663,03-08-2026,SE/PH/GRN/26/4961,CLOSED,Against PO,08-08-2026,08-08-2026,A001916,06-08-2026,RSE10,Regestrone CR 10mg Tab,30043919,Tablet,137032^26S2HTA490,01-04-2026,31-03-2028,N,Inside State Purchase GST-5%, 500.00 , 7.00 , 25.38 , I ," 3,500.00 ", 175.00 , 498.75 ," 3,823.75 "
58,PHARMAGIX,06ABBFP4852H1Z8,Haryana,Torrent Pharmaceuticals Limited,"21B -WLF21B2024HR002161, 20B - WLF20B2024HR002157",PS/MN/20B/00 (PH MAIN STORE),SE/PH/2026-27/3663,03-08-2026,SE/PH/GRN/26/4961,CLOSED,Against PO,08-08-2026,08-08-2026,A001916,06-08-2026,SBL20,Symbal 20mg Tab,30049099,Tablet,124381^N619M002,01-09-2025,31-08-2027,N,Inside State Purchase GST-5%," 2,000.00 ", 1.80 , 15.76 , I ," 3,600.00 ", 180.00 , 513.00 ," 3,933.00 "
59,PHARMAGIX,06ABBFP4852H1Z8,Haryana,Torrent Pharmaceuticals Limited,"21B -WLF21B2024HR002161, 20B - WLF20B2024HR002157",PS/MN/20B/00 (PH MAIN STORE),SE/PH/2026-27/3663,03-08-2026,SE/PH/GRN/26/4961,CLOSED,Against PO,08-08-2026,08-08-2026,A001916,06-08-2026,SBL20,Symbal 20mg Tab,30049099,Tablet,132089^N619N011,01-03-2026,28-02-2028,N,Inside State Purchase GST-5%, 500.00 , 1.80 , 15.76 , I , 900.00 , 45.00 , 128.25 , 983.25 
60,PHARMAGIX,06ABBFP4852H1Z8,Haryana,Torrent Pharmaceuticals Limited,"21B -WLF21B2024HR002161, 20B - WLF20B2024HR002157",PS/MN/20B/00 (PH MAIN STORE),SE/PH/2026-27/3663,03-08-2026,SE/PH/GRN/26/4961,CLOSED,Against PO,08-08-2026,08-08-2026,A001916,06-08-2026,TGT10,TG-Tor 10mg Tab,30049099,Nos,118763^2D48N001,01-01-2026,31-12-2027,N,Inside State Purchase GST-5%," 1,500.00 ", 3.16 , 5.31 , I ," 4,741.95 ", 237.10 , 675.73 ," 5,180.58 "
61,PHARMAGIX,06ABBFP4852H1Z8,Haryana,Torrent Pharmaceuticals Limited,"21B -WLF21B2024HR002161, 20B - WLF20B2024HR002157",PS/MN/20B/00 (PH MAIN STORE),SE/PH/2026-27/3663,03-08-2026,SE/PH/GRN/26/4961,CLOSED,Against PO,08-08-2026,08-08-2026,A001916,06-08-2026,VGLT3,Voglitor 0.3mg MD Tab,30049099,Tablet,125750^2AD9M002,01-11-2025,31-10-2027,N,Inside State Purchase GST-5%," 1,500.00 ", 2.22 , 18.42 , I ," 3,330.00 ", 166.50 , 474.52 ," 3,638.03 "
62,PHARMAGIX,06ABBFP4852H1Z8,Haryana,Torrent Pharmaceuticals Limited,"21B -WLF21B2024HR002161, 20B - WLF20B2024HR002157",PS/MN/20B/00 (PH MAIN STORE),SE/PH/2026-27/3664,03-08-2026,SE/PH/GRN/26/4962,CLOSED,Against PO,08-08-2026,08-08-2026,A001915,06-08-2026,IVN005,Ivanode 5mg Tab,30049099,Tablet,126693^2PC8N001,01-01-2026,31-12-2027,N,Inside State Purchase GST-5%, 400.00 , 7.50 , 34.82 , I ," 3,000.00 ", 150.00 , 427.50 ," 3,277.50 "
63,PHARMAGIX,06ABBFP4852H1Z8,Haryana,Torrent Pharmaceuticals Limited,"21B -WLF21B2024HR002161, 20B - WLF20B2024HR002157",PS/MN/20B/00 (PH MAIN STORE),SE/PH/2026-27/3664,03-08-2026,SE/PH/GRN/26/4962,CLOSED,Against PO,08-08-2026,08-08-2026,A001915,06-08-2026,PRX10,Prax 10mg Tab,30049099,Tablet,132051^2BC7N003,01-02-2026,31-01-2028,N,Inside State Purchase GST-5%, 400.00 , 6.66 , 38.63 , I ," 2,664.00 ", 133.20 , 379.62 ," 2,910.42 "
64,PHARMAGIX,06ABBFP4852H1Z8,Haryana,Torrent Pharmaceuticals Limited,"21B -WLF21B2024HR002161, 20B - WLF20B2024HR002157",PS/MN/20B/00 (PH MAIN STORE),SE/PH/2026-27/3664,03-08-2026,SE/PH/GRN/26/4962,CLOSED,Against PO,08-08-2026,08-08-2026,A001915,06-08-2026,SER25,Serta 25mg tab,30049099,Nos,137037^2FZ7N004,01-05-2026,30-04-2029,N,Inside State Purchase GST-5%, 150.00 , 4.46 , 8.83 , I , 668.40 , 33.42 , 95.25 , 730.23 
65,PHARMAGIX,06ABBFP4852H1Z8,Haryana,Torrent Pharmaceuticals Limited,"21B -WLF21B2024HR002161, 20B - WLF20B2024HR002157",PS/MN/20B/00 (PH MAIN STORE),SE/PH/2026-27/3664,03-08-2026,SE/PH/GRN/26/4962,CLOSED,Against PO,08-08-2026,08-08-2026,A001915,06-08-2026,SHE200,Shelcal 200ml Syrup,30045039,Bottle,135676^BAEG0010,01-05-2026,30-04-2028,N,Inside State Purchase GST-5%, 60.00 , 48.69 , 170.39 , I ," 2,921.40 ", 146.07 , 416.30 ," 3,191.63 "
66,PHARMAGIX,06ABBFP4852H1Z8,Haryana,Torrent Pharmaceuticals Limited,"21B -WLF21B2024HR002161, 20B - WLF20B2024HR002157",PS/MN/20B/00 (PH MAIN STORE),SE/PH/2026-27/3664,03-08-2026,SE/PH/GRN/26/4962,CLOSED,Against PO,08-08-2026,08-08-2026,A001915,06-08-2026,STM050,Stalix M 50/500 mg Tab,30049099,Tablet,137038^2NK8N005,01-03-2026,28-02-2028,N,Inside State Purchase GST-5%, 600.00 , 4.75 , 14.97 , I ," 2,850.00 ", 142.50 , 406.12 ," 3,113.62 "
67,PHARMAGIX,06ABBFP4852H1Z8,Haryana,Torrent Pharmaceuticals Limited,"21B -WLF21B2024HR002161, 20B - WLF20B2024HR002157",PS/MN/20B/00 (PH MAIN STORE),SE/PH/2026-27/3664,03-08-2026,SE/PH/GRN/26/4962,CLOSED,Against PO,08-08-2026,08-08-2026,A001915,06-08-2026,VLZD,Veloz-D SR Cap,30049039,Capsules,132050^CSH2N008,01-02-2026,31-01-2028,N,Inside State Purchase GST-5%, 140.00 , 2.43 , 22.64 , I , 339.92 , 17.00 , 48.44 , 371.36 
68,GET WELL HEALTH CARE,06AKOPG9069K1ZI,Haryana,Otsuka Pharmaceutical Private Limited,"HR-770119OW/H-20B,HR-770119W/H-21B",PS/MN/20B/00 (PH MAIN STORE),SE/PH/2026-27/3782,05-08-2026,SE/PH/GRN/26/4963,CLOSED,Against PO,08-08-2026,08-08-2026,RR/26-01014,08-08-2026,NSO100,Normal Saline 100 ml (Eurohead-Flexidrip) Otsuka,30049099,Bottle,134337^1260366,01-01-2026,31-12-2028,N,Inside State Purchase GST-5%, 800.00 , 18.00 , 44.92 , I ," 14,400.00 ", -   , 720.00 ," 15,120.00 "
69,GET WELL HEALTH CARE,06AKOPG9069K1ZI,Haryana,Otsuka Pharmaceutical Private Limited,"HR-770119OW/H-20B,HR-770119W/H-21B",PS/MN/20B/00 (PH MAIN STORE),SE/PH/2026-27/3782,05-08-2026,SE/PH/GRN/26/4963,CLOSED,Against PO,08-08-2026,08-08-2026,RR/26-01014,08-08-2026,NSO100,Normal Saline 100 ml (Eurohead-Flexidrip) Otsuka,30049099,Bottle,137028^2260203,01-01-2026,31-12-2028,N,Inside State Purchase GST-5%, 200.00 , 18.00 , 44.92 , I ," 3,600.00 ", -   , 180.00 ," 3,780.00 "
70,GET WELL HEALTH CARE,06AKOPG9069K1ZI,Haryana,Otsuka Pharmaceutical Private Limited,"HR-770119OW/H-20B,HR-770119W/H-21B",PS/MN/20B/00 (PH MAIN STORE),SE/PH/2026-27/3782,05-08-2026,SE/PH/GRN/26/4963,CLOSED,Against PO,08-08-2026,08-08-2026,RR/26-01014,08-08-2026,NSCL500,Normal Saline 500ml (Eurohead-Flexidrip) Otsuka,30045020,Bottle,134410^2260031,01-01-2026,31-12-2028,N,Inside State Purchase GST-5%, 140.00 , 27.75 , 93.94 , I ," 3,885.00 ", -   , 194.25 ," 4,079.25 "
71,GET WELL HEALTH CARE,06AKOPG9069K1ZI,Haryana,,"HR-770119OW/H-20B,HR-770119W/H-21B",PS/MN/20B/00 (PH MAIN STORE),SE/PH/2026-27/3597,01-08-2026,SE/PH/GRN/26/4964,CLOSED,Against PO,08-08-2026,08-08-2026,RR/26-01015,08-08-2026,PDL001,PD Solution 1000ml(SKKL),30049099,Bottle,137030^3361039P,01-11-2025,31-10-2028,N,Inside State Purchase GST-5%, 36.00 , 60.00 , 181.88 , I ," 2,160.00 ", 64.80 , 104.76 ," 2,199.96 "
72,PHARMAGIX,06ABBFP4852H1Z8,Haryana,Unichem Laboratories Ltd,"21B -WLF21B2024HR002161, 20B - WLF20B2024HR002157",PS/MN/20B/00 (PH MAIN STORE),SE/PH/2026-27/3662,03-08-2026,SE/PH/GRN/26/4965,CLOSED,Against PO,08-08-2026,08-08-2026,A001917,06-08-2026,AKN100,Arkamin 100mcg Tab,30049076,Tablet,135659^8NY2N021,01-03-2026,28-02-2028,N,Inside State Purchase GST-5%," 6,000.00 ", 1.15 , 3.31 , I ," 6,900.00 ", 345.00 ," 1,311.00 "," 7,866.00 "
73,PHARMAGIX,06ABBFP4852H1Z8,Haryana,Torrent Pharmaceuticals Limited,"21B -WLF21B2024HR002161, 20B - WLF20B2024HR002157",PS/MN/20B/00 (PH MAIN STORE),SE/PH/2026-27/3662,03-08-2026,SE/PH/GRN/26/4965,CLOSED,Against PO,08-08-2026,08-08-2026,A001917,06-08-2026,CMFDS,Chymoral Forte DS Tab,30049084,Tablet,135734^WBB1G006,01-02-2026,31-01-2028,N,Inside State Purchase GST-5%, 450.00 , 20.90 , 50.20 , I ," 9,403.65 ", 470.18 ," 1,786.69 "," 10,720.16 "
74,PHARMAGIX,06ABBFP4852H1Z8,Haryana,Torrent Pharmaceuticals Limited,"21B -WLF21B2024HR002161, 20B - WLF20B2024HR002157",PS/MN/20B/00 (PH MAIN STORE),SE/PH/2026-27/3662,03-08-2026,SE/PH/GRN/26/4965,CLOSED,Against PO,08-08-2026,08-08-2026,A001917,06-08-2026,DPT020,Deplatt CV 20 mg Cap,30049099,Capsules,137033^5SR2N004,01-01-2026,31-12-2027,N,Inside State Purchase GST-5%, 870.00 , 3.50 , 14.72 , I ," 3,045.00 ", 152.25 , 578.55 ," 3,471.30 "
75,PHARMAGIX,06ABBFP4852H1Z8,Haryana,Torrent Pharmaceuticals Limited,"21B -WLF21B2024HR002161, 20B - WLF20B2024HR002157",PS/MN/20B/00 (PH MAIN STORE),SE/PH/2026-27/3662,03-08-2026,SE/PH/GRN/26/4965,CLOSED,Against PO,08-08-2026,08-08-2026,A001917,06-08-2026,PREG75,Pregalin 75mg Cap,30049082,Capsules,132115^CUM7N001,01-02-2026,31-01-2029,N,Inside State Purchase GST-5%," 1,950.00 ", 3.54 , 25.36 , I ," 6,908.85 ", 345.44 ," 1,312.68 "," 7,876.09 "
76,PHARMAGIX,06ABBFP4852H1Z8,Haryana,Torrent Pharmaceuticals Limited,"21B -WLF21B2024HR002161, 20B - WLF20B2024HR002157",PS/MN/20B/00 (PH MAIN STORE),SE/PH/2026-27/3662,03-08-2026,SE/PH/GRN/26/4965,CLOSED,Against PO,08-08-2026,08-08-2026,A001917,06-08-2026,RZR10,Rozucor 10mg  Tab,30049099,(1.00 x Tablet),135728^2M78N004,01-04-2026,31-03-2029,N,Inside State Purchase GST-5%, 900.00 , 4.71 , 24.94 , I ," 4,239.90 ", 212.00 , 805.58 ," 4,833.49 "
77,PHARMAGIX,06ABBFP4852H1Z8,Haryana,Torrent Pharmaceuticals Limited,"21B -WLF21B2024HR002161, 20B - WLF20B2024HR002157",PS/MN/20B/00 (PH MAIN STORE),SE/PH/2026-27/3662,03-08-2026,SE/PH/GRN/26/4965,CLOSED,Against PO,08-08-2026,08-08-2026,A001917,06-08-2026,RZU020,Rozucor 20mg Tab,30049099,Tablet,135732^2M76N001,01-04-2026,31-03-2029,N,Inside State Purchase GST-5%," 1,400.00 ", 6.80 , 42.18 , I ," 9,520.00 ", 476.00 ," 1,808.80 "," 10,852.80 "
78,PHARMAGIX,06ABBFP4852H1Z8,Haryana,Torrent Pharmaceuticals Limited,"21B -WLF21B2024HR002161, 20B - WLF20B2024HR002157",PS/MN/20B/00 (PH MAIN STORE),SE/PH/2026-27/3662,03-08-2026,SE/PH/GRN/26/4965,CLOSED,Against PO,08-08-2026,08-08-2026,A001917,06-08-2026,SHL101,Shelcal CT Tab,30045039,Tablet,137034^GAXG0002,01-03-2026,28-02-2028,N,Inside State Purchase GST-5%, 900.00 , 6.96 , 26.80 , I ," 6,268.50 ", 313.43 ," 1,191.02 "," 7,146.09 "
79,PHARMAGIX,06ABBFP4852H1Z8,Haryana,Torrent Pharmaceuticals Limited,"21B -WLF21B2024HR002161, 20B - WLF20B2024HR002157",PS/MN/20B/00 (PH MAIN STORE),SE/PH/2026-27/3662,03-08-2026,SE/PH/GRN/26/4965,CLOSED,Against PO,08-08-2026,08-08-2026,A001917,06-08-2026,VLZ20,Veloz 20mg Tab,30049039,(1.00 x Tablet),133800^2KB3N009,01-04-2026,31-03-2028,N,Inside State Purchase GST-5%," 1,455.00 ", 4.60 , 13.94 , I ," 6,693.00 ", 334.65 ," 1,271.67 "," 7,630.02 "
80,PHARMAGIX,06ABBFP4852H1Z8,Haryana,Akesiss Healthcare LLP,"21B -WLF21B2024HR002161, 20B - WLF20B2024HR002157",PS/MN/20B/00 (PH MAIN STORE),SE/PH/2026-27/3490,29-07-2026,SE/PH/GRN/26/4966,CLOSED,Against PO,08-08-2026,08-08-2026,A001942,08-08-2026,LCR200,Lactorich Granules 200gm,21069099,Bottle,137035^LR/201,01-06-2026,31-05-2028,N,Inside State Purchase GST-5%, 19.00 , 165.20 , 345.00 , I ," 3,138.80 ", 156.94 , 149.09 ," 3,130.95 "
81,PHARMAGIX,06ABBFP4852H1Z8,Haryana,Unichem Laboratories Ltd,"21B -WLF21B2024HR002161, 20B - WLF20B2024HR002157",PS/MN/20B/00 (PH MAIN STORE),SE/PH/2026-27/3665,03-08-2026,SE/PH/GRN/26/4967,CLOSED,Against PO,08-08-2026,08-08-2026,A001914,06-08-2026,CRB025,Corbis 2.5mg Tab,30049079,(1.00 x Tablet),137050^2FW3N002,01-03-2026,28-02-2029,N,Inside State Purchase GST-5%, 300.00 , 3.54 , 7.01 , I ," 1,061.70 ", 53.09 , 50.43 ," 1,059.05 "
82,PHARMAGIX,06ABBFP4852H1Z8,Haryana,Unichem Laboratories Ltd,"21B -WLF21B2024HR002161, 20B - WLF20B2024HR002157",PS/MN/20B/00 (PH MAIN STORE),SE/PH/2026-27/3665,03-08-2026,SE/PH/GRN/26/4967,CLOSED,Against PO,08-08-2026,08-08-2026,A001914,06-08-2026,CRB025,Corbis 2.5mg Tab,30049079,(1.00 x Tablet),128717^2FW3N005,01-03-2026,28-02-2029,N,Inside State Purchase GST-5%, 300.00 , 3.54 , 7.01 , I ," 1,061.70 ", 53.09 , 50.43 ," 1,059.05 "
83,PHARMAGIX,06ABBFP4852H1Z8,Haryana,Torrent Pharmaceuticals Limited,"21B -WLF21B2024HR002161, 20B - WLF20B2024HR002157",PS/MN/20B/00 (PH MAIN STORE),SE/PH/2026-27/3665,03-08-2026,SE/PH/GRN/26/4967,CLOSED,Against PO,08-08-2026,08-08-2026,A001914,06-08-2026,DLTA75,Deplatt-A 75mg Tab,30049099,Tablet,137051^2X83N044,01-05-2026,31-10-2027,N,Inside State Purchase GST-5%," 1,050.00 ", 1.52 , 8.07 , I ," 1,596.00 ", 79.80 , 75.81 ," 1,592.01 "
84,PHARMAGIX,06ABBFP4852H1Z8,Haryana,Torrent Pharmaceuticals Limited,"21B -WLF21B2024HR002161, 20B - WLF20B2024HR002157",PS/MN/20B/00 (PH MAIN STORE),SE/PH/2026-27/3665,03-08-2026,SE/PH/GRN/26/4967,CLOSED,Against PO,08-08-2026,08-08-2026,A001914,06-08-2026,LCB400,Licab XL-400mg Tab,30049099,(1.00 x Tablet),137052^OF67N004,01-03-2026,28-02-2029,N,Inside State Purchase GST-5%, 400.00 , 3.88 , 7.93 , I ," 1,550.00 ", 77.50 , 73.62 ," 1,546.12 "
85,PHARMAGIX,06ABBFP4852H1Z8,Haryana,Torrent Pharmaceuticals Limited,"21B -WLF21B2024HR002161, 20B - WLF20B2024HR002157",PS/MN/20B/00 (PH MAIN STORE),SE/PH/2026-27/3665,03-08-2026,SE/PH/GRN/26/4967,CLOSED,Against PO,08-08-2026,08-08-2026,A001914,06-08-2026,MTCD125,Metocard XL 12.5mg Tab,30049074,Tablet,128730^2C50N001,01-01-2026,31-12-2028,N,Inside State Purchase GST-5%," 1,050.00 ", 1.79 , 6.62 , I ," 1,884.33 ", 94.22 , 89.51 ," 1,879.62 "
86,PHARMAGIX,06ABBFP4852H1Z8,Haryana,Torrent Pharmaceuticals Limited,"21B -WLF21B2024HR002161, 20B - WLF20B2024HR002157",PS/MN/20B/00 (PH MAIN STORE),SE/PH/2026-27/3665,03-08-2026,SE/PH/GRN/26/4967,CLOSED,Against PO,08-08-2026,08-08-2026,A001914,06-08-2026,SLHD50,Shelcal HD Tab,30045039,Tablet,137053^2MB5N065,01-04-2026,31-03-2028,N,Inside State Purchase GST-5%, 450.00 , 3.94 , 11.39 , I ," 1,771.65 ", 88.58 , 84.15 ," 1,767.22 "
87,PHARMAGIX,06ABBFP4852H1Z8,Haryana,Torrent Pharmaceuticals Limited,"21B -WLF21B2024HR002161, 20B - WLF20B2024HR002157",PS/MN/20B/00 (PH MAIN STORE),SE/PH/2026-27/3665,03-08-2026,SE/PH/GRN/26/4967,CLOSED,Against PO,08-08-2026,08-08-2026,A001914,06-08-2026,TTR003,Tacrotor 0.03% Ointment,30049099,Tube,122878^AJ6001,01-01-2026,31-12-2027,N,Inside State Purchase GST-5%, 15.00 , 45.00 , 293.62 , I , 675.00 , 33.75 , 32.06 , 673.31 
88,PHARMAGIX,06ABBFP4852H1Z8,Haryana,Torrent Pharmaceuticals Limited,"21B -WLF21B2024HR002161, 20B - WLF20B2024HR002157",PS/MN/20B/00 (PH MAIN STORE),SE/PH/2026-27/3665,03-08-2026,SE/PH/GRN/26/4967,CLOSED,Against PO,08-08-2026,08-08-2026,A001914,06-08-2026,VNT375,Venlift OD 37.5mg Cap,30049099,Capsule,128873^C569N002,01-01-2026,31-12-2028,N,Inside State Purchase GST-5%, 400.00 , 2.25 , 6.56 , I , 900.00 , 45.00 , 42.75 , 897.75 
89,BAJAJ SALES AGENCY,07AHOPB9208N1ZX,Delhi,NOVARTIS INDIA LIMITED,"20B-,153890,20B 153891,21 153892,21B 153893",PS/MN/20B/00 (PH MAIN STORE),SE/PH/2026-27/3861,07-08-2026,SE/PH/GRN/26/4968,CLOSED,Against PO,08-08-2026,08-08-2026,S3-26-12328,07-08-2026,KRX200,Kryxana Film Coated 200mg Tab(21's),30049049,Strips,133977^A139UT,01-04-2026,30-09-2027,N,Outside State Purchase GST-5%, 5.00 ," 20,061.60 "," 24,435.00 ", I ," 1,00,308.00 ", -   ," 5,015.40 "," 1,05,323.40 "
90,GET WELL HEALTH CARE,06AKOPG9069K1ZI,Haryana,Otsuka Pharmaceutical Private Limited,"HR-770119OW/H-20B,HR-770119W/H-21B",PS/MN/20B/00 (PH MAIN STORE),SE/PH/2026-27/3624,03-08-2026,SE/PH/GRN/26/4969,CLOSED,Against PO,08-08-2026,08-08-2026,RR/26-00994,05-08-2026,SWIO1000,Sterile Water for Irrigation 1000ml (Otsuka),30049099,Bottle,125109^1260676,01-02-2026,31-01-2028,N,Inside State Purchase GST-5%, 228.00 , 35.20 , 107.60 , I ," 8,025.60 ", 240.77 , 389.24 ," 8,174.07 "
91,GET WELL HEALTH CARE,06AKOPG9069K1ZI,Haryana,Otsuka Pharmaceutical Private Limited,"HR-770119OW/H-20B,HR-770119W/H-21B",PS/MN/20B/00 (PH MAIN STORE),SE/PH/2026-27/3624,03-08-2026,SE/PH/GRN/26/4969,CLOSED,Against PO,08-08-2026,08-08-2026,RR/26-00994,05-08-2026,SWIO1000,Sterile Water for Irrigation 1000ml (Otsuka),30049099,Bottle,137029^1262181,01-05-2026,30-04-2028,N,Inside State Purchase GST-5%, 72.00 , 35.20 , 108.30 , I ," 2,534.40 ", 76.03 , 122.92 ," 2,581.29 "
92,GET WELL HEALTH CARE,06AKOPG9069K1ZI,Haryana,Denis Chem Lab Limited,"HR-770119OW/H-20B,HR-770119W/H-21B",PS/MN/20B/00 (PH MAIN STORE),SE/PH/2026-27/3624,03-08-2026,SE/PH/GRN/26/4969,CLOSED,Against PO,08-08-2026,08-08-2026,RR/26-00994,05-08-2026,DX50DNS,Dextrose 50% 100ml (Glass bottle) (Denis),30049099,Bottle,136278^2603046004,01-04-2026,31-03-2028,N,Inside State Purchase GST-5%, 50.00 , 50.00 , 65.10 , I ," 2,500.00 ", 75.00 , 121.25 ," 2,546.25 "
93,BAJAJ SALES AGENCY,07AHOPB9208N1ZX,Delhi,NOVARTIS INDIA LIMITED,"20B-,153890,20B 153891,21 153892,21B 153893",PS/MN/20B/00 (PH MAIN STORE),SE/PH/2026-27/3595,01-08-2026,SE/PH/GRN/26/4970,CLOSED,Against PO,08-08-2026,08-08-2026,S3-26-11765,03-08-2026,KRX200,Kryxana Film Coated 200mg Tab(21's),30049049,Strips,133977^A139UT,01-04-2026,30-09-2027,N,Outside State Purchase GST-5%, 3.00 ," 20,061.60 "," 24,435.00 ", I ," 60,184.80 ", -   ," 3,009.24 "," 63,194.04 "
94,BAJAJ SALES AGENCY,07AHOPB9208N1ZX,Delhi,U.S.Vitamin India Limited,"20B-,153890,20B 153891,21 153892,21B 153893",PS/MN/20B/00 (PH MAIN STORE),SE/PH/2026-27/3734,04-08-2026,SE/PH/GRN/26/4971,CLOSED,Against PO,08-08-2026,08-08-2026,S3-26-11987,04-08-2026,AVT020,Anovate Cream 20gm,30049079,Tube,137023^15002817,01-06-2026,31-05-2028,N,Outside State Purchase GST-5%, 50.00 , 110.71 , 145.31 , I ," 5,535.50 ", 276.77 , 262.94 ," 5,521.66 "
95,BAJAJ SALES AGENCY,07AHOPB9208N1ZX,Delhi,U.S.Vitamin India Limited,"20B-,153890,20B 153891,21 153892,21B 153893",PS/MN/20B/00 (PH MAIN STORE),SE/PH/2026-27/3734,04-08-2026,SE/PH/GRN/26/4971,CLOSED,Against PO,08-08-2026,08-08-2026,S3-26-11987,04-08-2026,ENAV40,Ecosprin AV 75/40mg Cap,30049062,Capsule,137024^28028434,01-05-2026,31-10-2027,N,Outside State Purchase GST-5%, 400.00 , 16.54 , 20.67 , I ," 6,615.20 ", 330.76 , 314.22 ," 6,598.66 "
96,BAJAJ SALES AGENCY,07AHOPB9208N1ZX,Delhi,U.S.Vitamin India Limited,"20B-,153890,20B 153891,21 153892,21B 153893",PS/MN/20B/00 (PH MAIN STORE),SE/PH/2026-27/3734,04-08-2026,SE/PH/GRN/26/4971,CLOSED,Against PO,08-08-2026,08-08-2026,S3-26-11987,04-08-2026,ENAV40,Ecosprin AV 75/40mg Cap,30049062,Capsule,137022^28028552,01-06-2026,30-11-2027,N,Outside State Purchase GST-5%, 400.00 , 16.54 , 20.67 , I ," 6,615.20 ", 330.76 , 314.22 ," 6,598.66 "
97,BAJAJ SALES AGENCY,07AHOPB9208N1ZX,Delhi,USV PRIVATE LIMITED,"20B-,153890,20B 153891,21 153892,21B 153893",PS/MN/20B/00 (PH MAIN STORE),SE/PH/2026-27/3734,04-08-2026,SE/PH/GRN/26/4971,CLOSED,Against PO,08-08-2026,08-08-2026,S3-26-11987,04-08-2026,EPAV20,Ecosprin AV 75/20mg Capsule,30049062,Nos,137025^28028471,01-05-2026,31-10-2027,N,Outside State Purchase GST-5%," 2,400.00 ", 3.56 , 4.45 , I ," 8,550.24 ", 427.51 , 406.14 ," 8,528.86 "
98,Pharma House,07ANDPA9923G1Z5,Delhi,Agrawal Drugs Pvt. Limited,WLF20B2025DL000083,PS/MN/20B/00 (PH MAIN STORE),SE/PH/2026-27/2661,02-07-2026,SE/PH/GRN/26/4972,CLOSED,Against PO,08-08-2026,08-08-2026,PH26-27/1761,08-08-2026,MGSLF75,Mag-Sulf Ointment 75gm,30049099,Tube,134774^ME-8956,01-06-2026,31-05-2029,N,Outside State Purchase GST-5%, 30.00 , 85.00 , 172.00 , I ," 2,550.00 ", -   , 127.50 ," 2,677.50 "
99,Pharma House,07ANDPA9923G1Z5,Delhi,,WLF20B2025DL000083,PS/MN/20B/00 (PH MAIN STORE),SE/PH/2026-27/3603,01-08-2026,SE/PH/GRN/26/4973,CLOSED,Against PO,08-08-2026,08-08-2026,PH26-27/1747,07-08-2026,ORST200,ORS lifelyte Liq Tetrapack 200ml,30049086,Pack,133460^FDMLO6021,01-02-2026,31-07-2027,N,Outside State Purchase GST-5%, 300.00 , 15.00 , 31.50 , I ," 4,500.00 ", -   , 225.00 ," 4,725.00 "
100,Pharma House,07ANDPA9923G1Z5,Delhi,Agrawal Drugs Pvt. Limited,WLF20B2025DL000083,PS/MN/20B/00 (PH MAIN STORE),SE/PH/2026-27/3603,01-08-2026,SE/PH/GRN/26/4973,CLOSED,Against PO,08-08-2026,08-08-2026,PH26-27/1747,07-08-2026,BZN400T,Tincture Benzoin 400ml,30049099,(400.00 x Bottle),137017^ME-8477,01-07-2025,30-06-2028,N,Outside State Purchase GST-5%, 3.00 , 245.00 , 488.00 , I , 735.00 , -   , 36.75 , 771.75 
101,6iPAIN HEALTHCARE PRIVATE LIMITED,07AABCZ0121D1ZY,Delhi,Rusan Healthcare Pvt.Ltd,106896/97 (20B/21B) & 107328 (20G),PS/MN/20B/00 (PH MAIN STORE),SE/PH/2026-27/3614,03-08-2026,SE/PH/GRN/26/4974,CLOSED,Against PO,08-08-2026,08-08-2026,A002744,08-08-2026,SAN20,Sangesic 20mg(20mcg/hr) Transdermal Patch,30021220,Patches,137021^K29036001,01-06-2026,31-05-2028,N,Outside State Purchase GST-5%, 24.00 , 808.00 ," 3,051.00 ", I ," 19,392.00 ", 969.60 , 921.12 ," 19,343.52 "
102,Pharma House,07ANDPA9923G1Z5,Delhi,Morepen Laboratories Limited,WLF20B2025DL000083,PS/MN/20B/00 (PH MAIN STORE),SE/PH/2026-27/3212,17-07-2026,SE/PH/GRN/26/4975,CLOSED,Against PO,08-08-2026,08-08-2026,PH26-27/1745,07-08-2026,LXP05,Laxopen 5mg Tab,30049039,Tablet,137018^F6F0626,01-06-2026,31-05-2028,N,Outside State Purchase GST-5%, 800.00 , 0.55 , 1.26 , I , 440.00 , -   , 22.00 , 462.00 
103,Pharma House,07ANDPA9923G1Z5,Delhi,Agrawal Drugs Pvt. Limited,WLF20B2025DL000083,PS/MN/20B/00 (PH MAIN STORE),SE/PH/2026-27/2345,23-06-2026,SE/PH/GRN/26/4976,CLOSED,Against PO,08-08-2026,08-08-2026,PH26-27/1760,08-08-2026,MGSLF75,Mag-Sulf Ointment 75gm,30049099,Tube,134774^ME-8956,01-06-2026,31-05-2029,N,Outside State Purchase GST-5%, 60.00 , 85.00 , 172.00 , I ," 5,100.00 ", -   , 255.00 ," 5,355.00 "
104,AMBEY HEALTHCARE,07AOBPS5034H1ZZ,Delhi,ABBOTT LABORATARIES LTD,"20/135219 ,20B/135220,21/135221, 21B/135222 - FSSA",PS/MN/20B/00 (PH MAIN STORE),SE/PH/2026-27/3732,04-08-2026,SE/PH/GRN/26/4977,CLOSED,Against PO,08-08-2026,08-08-2026,C005333,08-08-2026,ENDC375,Ensure Diabetes Care 375gm,21069091,Bottle,136340^89035MN2,28-05-2026,19-11-2027,N,Outside State Purchase GST-5%, 24.00 , 615.92 , 980.00 , I ," 14,782.08 ", 739.10 , 702.15 ," 14,745.12 "
105,AMBEY HEALTHCARE,07AOBPS5034H1ZZ,Delhi,Nestle india LTD,"20/135219 ,20B/135220,21/135221, 21B/135222 - FSSA",PS/MN/20B/00 (PH MAIN STORE),SE/PH/2026-27/2671,02-07-2026,SE/PH/GRN/26/4978,CLOSED,Against PO,08-08-2026,08-08-2026,C005331,08-08-2026,RESH400,Resource Renal(400gm),21069099,Pack,136342^61240451HA,01-05-2026,31-05-2027,N,Outside State Purchase GST-5%, 24.00 , 837.18 ," 1,075.00 ", I ," 20,092.32 ", -   ," 1,004.62 "," 21,096.94 "
106,Pharma House,07ANDPA9923G1Z5,Delhi,Morepen Laboratories Limited,WLF20B2025DL000083,PS/MN/20B/00 (PH MAIN STORE),SE/PH/2026-27/2184,18-06-2026,SE/PH/GRN/26/4979,CLOSED,Against PO,08-08-2026,08-08-2026,PH26-27/1762,08-08-2026,MTPN2,Metopen Inj 2ml,30049035,Ampoule,137019^A26AM214A,01-06-2026,31-05-2028,N,Outside State Purchase GST-5%, 200.00 , 3.00 , 5.74 , I , 600.00 , -   , 30.00 , 630.00 
107,Pharma House,07ANDPA9923G1Z5,Delhi,Central Drugs & pharmaceuticals,WLF20B2025DL000083,PS/MN/20B/00 (PH MAIN STORE),SE/PH/2026-27/3649,03-08-2026,SE/PH/GRN/26/4980,CLOSED,Against PO,08-08-2026,08-08-2026,PH26-27/1746,07-08-2026,SPE100,Sodium Phosphate Enema 100ml,30049099,Pack-D,137020^S-2968,01-06-2026,30-11-2027,N,Outside State Purchase GST-5%, 400.00 , 20.00 , 78.00 , I ," 8,000.00 ", -   , 400.00 ," 8,400.00 "
108,Pharma House,07ANDPA9923G1Z5,Delhi,Rathi Laboratories (Hindustan ) Pvt Ltd,WLF20B2025DL000083,PS/MN/20B/00 (PH MAIN STORE),SE/PH/2026-27/3649,03-08-2026,SE/PH/GRN/26/4980,CLOSED,Against PO,08-08-2026,08-08-2026,PH26-27/1746,07-08-2026,PCL010,Potassium Chloride Injection 10ml,30049099,Ampoule,120417^PC-216,01-02-2026,31-01-2028,N,Outside State Purchase GST-5%," 1,200.00 ", 6.12 , 24.50 , I ," 7,344.00 ", -   , 367.20 ," 7,711.20 "
109,Pharma House,07ANDPA9923G1Z5,Delhi,Morepen Laboratories Limited,WLF20B2025DL000083,PS/MN/20B/00 (PH MAIN STORE),SE/PH/2026-27/3649,03-08-2026,SE/PH/GRN/26/4980,CLOSED,Against PO,08-08-2026,08-08-2026,PH26-27/1746,07-08-2026,MTPN2,Metopen Inj 2ml,30049035,Ampoule,137019^A26AM214A,01-06-2026,31-05-2028,N,Outside State Purchase GST-5%, 500.00 , 3.00 , 5.74 , I ," 1,500.00 ", -   , 75.00 ," 1,575.00 "
110,Pharma House,07ANDPA9923G1Z5,Delhi,Agrawal Drugs Pvt. Limited,WLF20B2025DL000083,PS/MN/20B/00 (PH MAIN STORE),SE/PH/2026-27/3649,03-08-2026,SE/PH/GRN/26/4980,CLOSED,Against PO,08-08-2026,08-08-2026,PH26-27/1746,07-08-2026,MGSLF75,Mag-Sulf Ointment 75gm,30049099,Tube,134774^ME-8956,01-06-2026,31-05-2029,N,Outside State Purchase GST-5%, 30.00 , 85.00 , 172.00 , I ," 2,550.00 ", -   , 127.50 ," 2,677.50 "
111,Pharma House,07ANDPA9923G1Z5,Delhi,Agrawal Drugs Pvt. Limited,WLF20B2025DL000083,PS/MN/20B/00 (PH MAIN STORE),SE/PH/2026-27/3649,03-08-2026,SE/PH/GRN/26/4980,CLOSED,Against PO,08-08-2026,08-08-2026,PH26-27/1746,07-08-2026,GLYOS,Glerol-OS 200gm Syp,30049099,Bottle,124354^MS-2339,01-03-2026,28-02-2029,N,Outside State Purchase GST-5%, 30.00 , 107.50 , 214.00 , I ," 3,225.00 ", -   , 161.25 ," 3,386.25 "
112,Pharma House,07ANDPA9923G1Z5,Delhi,Morepen Laboratories Limited,WLF20B2025DL000083,PS/MN/20B/00 (PH MAIN STORE),SE/PH/2026-27/3649,03-08-2026,SE/PH/GRN/26/4980,CLOSED,Against PO,08-08-2026,08-08-2026,PH26-27/1746,07-08-2026,FOLACT05,Foly-Act 5mg Tab,30045020,Tablet,134873^E5L1016,01-12-2025,30-11-2027,N,Outside State Purchase GST-5%," 4,500.00 ", 0.30 , 1.62 , I ," 1,350.00 ", -   , 67.50 ," 1,417.50 "
113,Pharma House,07ANDPA9923G1Z5,Delhi,Morepen Laboratories Limited,WLF20B2025DL000083,PS/MN/20B/00 (PH MAIN STORE),SE/PH/2026-27/3649,03-08-2026,SE/PH/GRN/26/4980,CLOSED,Against PO,08-08-2026,08-08-2026,PH26-27/1746,07-08-2026,LXP05,Laxopen 5mg Tab,30049039,Tablet,137018^F6F0626,01-06-2026,31-05-2028,N,Outside State Purchase GST-5%," 1,000.00 ", 0.55 , 1.26 , I , 550.00 , -   , 27.50 , 577.50 
114,Pharma House,07ANDPA9923G1Z5,Delhi,Morepen Laboratories Limited,WLF20B2025DL000083,PS/MN/20B/00 (PH MAIN STORE),SE/PH/2026-27/3649,03-08-2026,SE/PH/GRN/26/4980,CLOSED,Against PO,08-08-2026,08-08-2026,PH26-27/1746,07-08-2026,DMPQ1,Dr Morepen Premium ORS 21.8gm,30049086,Sachet,131364^DD-26299,01-04-2026,31-03-2028,N,Outside State Purchase GST-5%, 600.00 , 4.91 , 23.25 , I ," 2,946.00 ", -   , 147.30 ," 3,093.30 "
115,Pharma House,07ANDPA9923G1Z5,Delhi,Morepen Laboratories Limited,WLF20B2025DL000083,PS/MN/20B/00 (PH MAIN STORE),SE/PH/2026-27/3649,03-08-2026,SE/PH/GRN/26/4980,CLOSED,Against PO,08-08-2026,08-08-2026,PH26-27/1746,07-08-2026,FOLACT05,Foly-Act 5mg Tab,30045020,Tablet,134873^E5L1016,01-12-2025,30-11-2027,N,Outside State Purchase GST-5%, 500.00 , 0.30 , 1.62 , I , 150.00 , -   , 7.50 , 157.50 
116,PHARMAGIX,06ABBFP4852H1Z8,Haryana,Torrent Pharmaceuticals Limited,"21B -WLF21B2024HR002161, 20B - WLF20B2024HR002157",PS/MN/20B/00 (PH MAIN STORE),SE/PH/2026-27/3661,03-08-2026,SE/PH/GRN/26/4981,CLOSED,Against PO,08-08-2026,08-08-2026,A001918,06-08-2026,APX020,Apixator 2.5mg Tab,30049099,Tablet,135662^2NS7N008,01-05-2026,30-04-2028,N,Inside State Purchase GST-5%, 480.00 , 5.14 , 14.94 , I ," 2,467.20 ", 123.36 , 234.38 ," 2,578.22 "
117,PHARMAGIX,06ABBFP4852H1Z8,Haryana,Torrent Pharmaceuticals Limited,"21B -WLF21B2024HR002161, 20B - WLF20B2024HR002157",PS/MN/20B/00 (PH MAIN STORE),SE/PH/2026-27/3661,03-08-2026,SE/PH/GRN/26/4981,CLOSED,Against PO,08-08-2026,08-08-2026,A001918,06-08-2026,APX020,Apixator 2.5mg Tab,30049099,Tablet,137013^2NS7N009,01-05-2026,30-04-2028,N,Inside State Purchase GST-5%," 1,000.00 ", 5.14 , 14.94 , I ," 5,140.00 ", 257.00 , 488.30 ," 5,371.30 "
118,PHARMAGIX,06ABBFP4852H1Z8,Haryana,Torrent Pharmaceuticals Limited,"21B -WLF21B2024HR002161, 20B - WLF20B2024HR002157",PS/MN/20B/00 (PH MAIN STORE),SE/PH/2026-27/3661,03-08-2026,SE/PH/GRN/26/4981,CLOSED,Against PO,08-08-2026,08-08-2026,A001918,06-08-2026,APX050,Apixator 5mg Tab,30049099,Tablet,137012^2NS8N006,01-04-2026,31-03-2028,N,Inside State Purchase GST-5%," 1,500.00 ", 6.40 , 18.62 , I ," 9,600.00 ", 480.00 , 912.00 ," 10,032.00 "
119,PHARMAGIX,06ABBFP4852H1Z8,Haryana,Elder pharmaceuticals  Pvt Iimited,"21B -WLF21B2024HR002161, 20B - WLF20B2024HR002157",PS/MN/20B/00 (PH MAIN STORE),SE/PH/2026-27/3661,03-08-2026,SE/PH/GRN/26/4981,CLOSED,Against PO,08-08-2026,08-08-2026,A001918,06-08-2026,CMF001,Chymoral Forte Tab,30049084,Tablet,137015^2KU6N021,01-05-2026,30-04-2029,N,Inside State Purchase GST-5%," 2,400.00 ", 10.42 , 25.71 , I ," 25,008.00 "," 1,250.40 "," 2,375.76 "," 26,133.36 "
120,PHARMAGIX,06ABBFP4852H1Z8,Haryana,Torrent Pharmaceuticals Limited,"21B -WLF21B2024HR002161, 20B - WLF20B2024HR002157",PS/MN/20B/00 (PH MAIN STORE),SE/PH/2026-27/3661,03-08-2026,SE/PH/GRN/26/4981,CLOSED,Against PO,08-08-2026,08-08-2026,A001918,06-08-2026,DPS400,Dynapres 400mcg  Cap,30049099,Capsules,132085^DY260201,01-02-2026,31-01-2028,N,Inside State Purchase GST-5%," 1,560.00 ", 6.64 , 18.78 , I ," 10,363.08 ", 518.15 , 984.49 ," 10,829.42 "
121,PHARMAGIX,06ABBFP4852H1Z8,Haryana,Torrent Pharmaceuticals Limited,"21B -WLF21B2024HR002161, 20B - WLF20B2024HR002157",PS/MN/20B/00 (PH MAIN STORE),SE/PH/2026-27/3661,03-08-2026,SE/PH/GRN/26/4981,CLOSED,Against PO,08-08-2026,08-08-2026,A001918,06-08-2026,NRD040,Nexpro RD 40mg Cap,30049039,Capsules,137011^RF1326015,01-05-2026,30-04-2028,N,Inside State Purchase GST-5%," 1,600.00 ", 6.90 , 19.20 , I ," 11,035.20 ", 551.76 ," 1,048.34 "," 11,531.78 "
122,PHARMAGIX,06ABBFP4852H1Z8,Haryana,Torrent Pharmaceuticals Limited,"21B -WLF21B2024HR002161, 20B - WLF20B2024HR002157",PS/MN/20B/00 (PH MAIN STORE),SE/PH/2026-27/3661,03-08-2026,SE/PH/GRN/26/4981,CLOSED,Against PO,08-08-2026,08-08-2026,A001918,06-08-2026,SHL500,Shelcal 500mg  Tab,30045039,Tablet,137014^8TR1N033,01-04-2026,31-03-2028,N,Inside State Purchase GST-5%," 3,600.00 ", 4.14 , 10.90 , I ," 14,904.00 ", 745.20 ," 1,415.88 "," 15,574.68 "
123,PHARMAGIX,06ABBFP4852H1Z8,Haryana,Torrent Pharmaceuticals Limited,"21B -WLF21B2024HR002161, 20B - WLF20B2024HR002157",PS/MN/20B/00 (PH MAIN STORE),SE/PH/2026-27/3661,03-08-2026,SE/PH/GRN/26/4981,CLOSED,Against PO,08-08-2026,08-08-2026,A001918,06-08-2026,TGT20,TG-Tor 20mg Tab,30049099,Nos,119228^2D49M001,01-08-2025,31-07-2027,N,Inside State Purchase GST-5%," 1,305.00 ", 8.04 , 13.41 , I ," 10,487.76 ", 524.39 , 996.34 ," 10,959.71 "
124,PHARMAGIX,06ABBFP4852H1Z8,Haryana,Torrent Pharmaceuticals Limited,"21B -WLF21B2024HR002161, 20B - WLF20B2024HR002157",PS/MN/20B/00 (PH MAIN STORE),SE/PH/2026-27/3661,03-08-2026,SE/PH/GRN/26/4981,CLOSED,Against PO,08-08-2026,08-08-2026,A001918,06-08-2026,TRX550,Torfix 550mg Tab,30042099,Tablet,132156^UC00298,01-01-2026,31-12-2028,N,Inside State Purchase GST-5%, 500.00 , 21.36 , 52.78 , I ," 10,680.00 ", 534.00 ," 1,014.60 "," 11,160.60 "
125,PHARMAGIX,06ABBFP4852H1Z8,Haryana,Torrent Pharmaceuticals Limited,"21B -WLF21B2024HR002161, 20B - WLF20B2024HR002157",PS/MN/20B/00 (PH MAIN STORE),SE/PH/2026-27/3661,03-08-2026,SE/PH/GRN/26/4981,CLOSED,Against PO,08-08-2026,08-08-2026,A001918,06-08-2026,URT300,Ursetor 300mg Tab,30049036,Tablet,135735^30626005,01-04-2026,31-03-2028,N,Inside State Purchase GST-5%, 500.00 , 13.68 , 52.64 , I ," 6,837.50 ", 341.88 , 649.56 ," 7,145.19 "
126,PHARMAGIX,06ABBFP4852H1Z8,Haryana,Torrent Pharmaceuticals Limited,"21B -WLF21B2024HR002161, 20B - WLF20B2024HR002157",PS/MN/20B/00 (PH MAIN STORE),SE/PH/2026-27/3661,03-08-2026,SE/PH/GRN/26/4981,CLOSED,Against PO,08-08-2026,08-08-2026,A001918,06-08-2026,UTR450,Ursetor SR 450mg Tab,30049036,Tablet,120141^BNTK2502,01-11-2025,31-10-2027,N,Inside State Purchase GST-5%, 200.00 , 32.06 , 57.30 , I ," 6,412.20 ", 320.61 , 609.16 ," 6,700.75 "
127,HEALTHLINE PHARMACEUTICALS,06IHKPS4005L1ZX,Haryana,"Abbott Laboratories (India) Pvt Ltd,","HR-770944-OW/H,W/H",PS/MN/20B/00 (PH MAIN STORE),SE/PH/2026-27/3737,04-08-2026,SE/PH/GRN/26/4982,CLOSED,Against PO,08-08-2026,08-08-2026,26-27/A03496,08-08-2026,BRF400,Brufen 400mg Tab,30049063,Tablet,137045^912801D7,01-07-2026,30-06-2029,N,Inside State Purchase GST-5%, 900.00 , 0.96 , 1.72 , I , 864.00 , 43.20 , 41.04 , 861.84 
128,HEALTHLINE PHARMACEUTICALS,06IHKPS4005L1ZX,Haryana,Solvay Pharma India Pvt Ltd,"HR-770944-OW/H,W/H",PS/MN/20B/00 (PH MAIN STORE),SE/PH/2026-27/3737,04-08-2026,SE/PH/GRN/26/4982,CLOSED,Against PO,08-08-2026,08-08-2026,26-27/A03496,08-08-2026,DPH010,Duphaston 10mg Tab,30049011,Tablet,137047^MAW26015,01-05-2026,30-12-2029,N,Inside State Purchase GST-5%, 200.00 , 45.44 , 90.18 , I ," 9,089.00 ", 454.45 , 431.73 ," 9,066.28 "
129,HEALTHLINE PHARMACEUTICALS,06IHKPS4005L1ZX,Haryana,"Abbott Laboratories (India) Pvt Ltd,","HR-770944-OW/H,W/H",PS/MN/20B/00 (PH MAIN STORE),SE/PH/2026-27/3737,04-08-2026,SE/PH/GRN/26/4982,CLOSED,Against PO,08-08-2026,08-08-2026,26-27/A03496,08-08-2026,DIG0200,Digene Gel 200ml(sugar free),30049032,Bottle,137048^DEM26037,01-07-2026,30-06-2028,N,Inside State Purchase GST-5%, 40.00 , 93.90 , 198.81 , I ," 3,756.00 ", 187.80 , 178.41 ," 3,746.61 "
130,HEALTHLINE PHARMACEUTICALS,06IHKPS4005L1ZX,Haryana,"Abbott Laboratories (India) Pvt Ltd,","HR-770944-OW/H,W/H",PS/MN/20B/00 (PH MAIN STORE),SE/PH/2026-27/3737,04-08-2026,SE/PH/GRN/26/4982,CLOSED,Against PO,08-08-2026,08-08-2026,26-27/A03496,08-08-2026,EPT1200,Eptoin 100mg Tab (120's),30049081,Bottle,137044^EPB26014,01-05-2026,30-04-2029,N,Inside State Purchase GST-5%, 10.00 , 171.80 , 226.80 , I ," 1,718.00 ", 85.90 , 81.61 ," 1,713.70 "
131,HEALTHLINE PHARMACEUTICALS,06IHKPS4005L1ZX,Haryana,"Abbott Laboratories (India) Pvt Ltd,","HR-770944-OW/H,W/H",PS/MN/20B/00 (PH MAIN STORE),SE/PH/2026-27/3737,04-08-2026,SE/PH/GRN/26/4982,CLOSED,Against PO,08-08-2026,08-08-2026,26-27/A03496,08-08-2026,CRMP225,Cremaffin Plus Syrup 225ml,30049032,Bottle,137046^NXM0105,01-07-2026,30-06-2029,N,Inside State Purchase GST-5%, 120.00 , 182.06 , 371.00 , I ," 21,847.20 "," 1,092.36 "," 1,037.74 "," 21,792.58 "
132,HEALTHLINE PHARMACEUTICALS,06IHKPS4005L1ZX,Haryana,"Abbott Laboratories (India) Pvt Ltd,","HR-770944-OW/H,W/H",PS/MN/20B/00 (PH MAIN STORE),SE/PH/2026-27/3737,04-08-2026,SE/PH/GRN/26/4982,CLOSED,Against PO,08-08-2026,08-08-2026,26-27/A03496,08-08-2026,CREM225,Cremaffin Syrup 225ml,30049032,Bottle,137043^902503D7,01-06-2026,31-05-2029,N,Inside State Purchase GST-5%, 60.00 , 182.06 , 318.59 , I ," 10,923.60 ", 546.18 , 518.87 ," 10,896.29 "
133,Novacare Healthcare Solutions Private Limited(DELHI),07AAGCN0847B1ZS,Delhi,Integrace Private Ltd,FORM 20B-DL-HRN-123525/FORM 21 B-DL-HRN-123526,PS/MN/20B/00 (PH MAIN STORE),SE/PH/2026-27/3643,03-08-2026,SE/PH/GRN/26/4983,CLOSED,Against PO,08-08-2026,08-08-2026,DEL-26-29980,06-08-2026,DBNR30,Dubinor Gel 30gm,30049099,Tube,132998^DG1H604,01-04-2026,30-09-2027,N,Outside State Purchase GST-5%, 80.00 , 167.00 , 399.00 , I ," 13,360.00 ", 668.00 , 634.60 ," 13,326.60 "
134,Novacare Healthcare Solutions Private Limited(DELHI),07AAGCN0847B1ZS,Delhi,Integrace Private Ltd,FORM 20B-DL-HRN-123525/FORM 21 B-DL-HRN-123526,PS/MN/20B/00 (PH MAIN STORE),SE/PH/2026-27/3643,03-08-2026,SE/PH/GRN/26/4983,CLOSED,Against PO,08-08-2026,08-08-2026,DEL-26-29980,06-08-2026,VTP050,Vorth TP 50mg Tab,30049069,Tablet,132909^VP2PC602,01-04-2026,31-03-2028,N,Outside State Purchase GST-5%, 920.00 , 11.00 , 28.10 , I ," 10,120.00 ", 506.00 , 480.70 ," 10,094.70 "
135,MANKIND PHARMA LTD. (CFA -Delhi),07AAACM9401C1ZX,Delhi,Mankind pharma Pvt.Ltd,20B DL-KRN-135353/21B DL-KRN135354,PS/MN/20B/00 (PH MAIN STORE),SE/PH/2026-27/3631,03-08-2026,SE/PH/GRN/26/4984,CLOSED,Against PO,08-08-2026,08-08-2026,291106471,06-08-2026,EGF05,Evergraf 0.5mg Tab,30049099,Tablet,136333^A9ODZ003,01-05-2026,30-04-2029,N,Outside State Purchase GST-5%, 30.00 , 35.42 , 157.10 , I ," 1,062.60 ", -   , 53.13 ," 1,115.73 "
136,MANKIND PHARMA LTD. (CFA -Delhi),07AAACM9401C1ZX,Delhi,Mankind pharma Pvt.Ltd,20B DL-KRN-135353/21B DL-KRN135354,PS/MN/20B/00 (PH MAIN STORE),SE/PH/2026-27/3711,03-08-2026,SE/PH/GRN/26/4985,CLOSED,Against PO,08-08-2026,08-08-2026,291106470,06-08-2026,ENTR05,Entromax Suspension 5ml,30024910,Mini Bottle,137026^A0TBZ036,01-05-2026,30-04-2028,N,Outside State Purchase GST-5%, 200.00 , 12.75 , 47.41 , I ," 2,550.00 ", -   , 127.50 ," 2,677.50 "
137,MANKIND PHARMA LTD. (CFA -Delhi),07AAACM9401C1ZX,Delhi,Mankind pharma Pvt.Ltd,20B DL-KRN-135353/21B DL-KRN135354,PS/MN/20B/00 (PH MAIN STORE),SE/PH/2026-27/3711,03-08-2026,SE/PH/GRN/26/4985,CLOSED,Against PO,08-08-2026,08-08-2026,291106470,06-08-2026,MFKP,Mefkind P 100mg/5ml Suspension 60ml,30049069,Bottle,137027^A5JWZ009,01-06-2026,31-05-2028,N,Outside State Purchase GST-5%, 24.00 , 22.55 , 35.91 , I , 541.20 , -   , 27.06 , 568.26 
138,Novacare Healthcare Solutions Private Limited(DELHI),07AAGCN0847B1ZS,Delhi,Bayer (India) Limited,FORM 20B-DL-HRN-123525/FORM 21 B-DL-HRN-123526,PS/MN/20B/00 (PH MAIN STORE),SE/PH/2026-27/3370,23-07-2026,SE/PH/GRN/26/4986,CLOSED,Against PO,08-08-2026,08-08-2026,DEL-26-29825,06-08-2026,BDN040,Benadon 40mg Tab,30045090,Tablet,133500^MH3136,01-02-2026,31-01-2029,N,Outside State Purchase GST-5%," 1,200.00 ", 2.30 , 3.47 , I ," 2,760.00 ", 138.00 , 131.10 ," 2,753.10 "
139,R.K Pharma,07AAIFR7148G1ZY,Delhi,Zydus Cadila Healthcare Ltd,"DL- MLN-111700, DL- MLN-111701",PS/MN/20B/00 (PH MAIN STORE),SE/PH/2026-27/3867,07-08-2026,SE/PH/GRN/26/4987,CLOSED,Against PO,08-08-2026,08-08-2026,MD/26-27/21754,07-08-2026,ANO240,ANVIMO 240mg Tablet (1*10s),30049099,Nos,137057^IB01656A,01-07-2026,30-06-2028,N,Outside State Purchase GST-5%, 2.00 ," 19,926.00 "," 25,752.00 ", I ," 39,852.00 ", -   ," 1,992.60 "," 41,844.60 "
140,R.K Pharma,07AAIFR7148G1ZY,Delhi,Glenmark pharmaceuticals Limited,"DL- MLN-111700, DL- MLN-111701",PS/MN/20B/00 (PH MAIN STORE),SE/PH/2026-27/3669,03-08-2026,SE/PH/GRN/26/4988,CLOSED,Against PO,08-08-2026,08-08-2026,MD/26-27/21793,07-08-2026,ARO250,Abirapro 250mg Tab(120's),30049049,Bottle,131150^8A260007,01-02-2026,31-01-2028,N,Outside State Purchase GST-5%, 4.00 ," 4,060.00 "," 28,744.00 ", I ," 16,240.00 ", -   , 812.00 ," 17,052.00 "
141,MODEL ENTERPRISES PRIVATE LIMITED,07AAACM8063E1ZL,Delhi,Eli Lilly and Company (India),"20B-DL-TGB-107397, 20F-DL-TGB-114185,21B-DL-TGB-10",PS/MN/20B/00 (PH MAIN STORE),SE/PH/2026-27/3899,08-08-2026,SE/PH/GRN/26/4989,CLOSED,Against PO,08-08-2026,08-08-2026,SB-26-42963,04-08-2026,RMN150,Ramiven 150mg Tab (7's),30049095,Tablet,136647^D917707,01-05-2025,30-04-2028,N,Outside State Purchase GST-5%, 1.00 ," 8,527.14 "," 11,191.88 ", I ," 8,527.14 ", -   , 426.36 ," 8,953.50 "
142,MODEL ENTERPRISES PRIVATE LIMITED,07AAACM8063E1ZL,Delhi,Eli Lilly and Company (India),"20B-DL-TGB-107397, 20F-DL-TGB-114185,21B-DL-TGB-10",PS/MN/20B/00 (PH MAIN STORE),SE/PH/2026-27/3899,08-08-2026,SE/PH/GRN/26/4989,CLOSED,Against PO,08-08-2026,08-08-2026,SB-26-42963,04-08-2026,RMN150,Ramiven 150mg Tab (7's),30049095,Tablet,136647^D917707,01-05-2025,30-04-2028,N,Outside State Purchase GST-5%, 1.00 ," 8,527.14 "," 11,191.88 ", I ," 8,527.14 ", -   , 426.36 ," 8,953.50 "
143,R.K Pharma,07AAIFR7148G1ZY,Delhi,Natco Pharma Limited,"DL- MLN-111700, DL- MLN-111701",PS/MN/20B/00 (PH MAIN STORE),SE/PH/2026-27/3866,07-08-2026,SE/PH/GRN/26/4990,CLOSED,Against PO,08-08-2026,08-08-2026,MD/26-27/21785,07-08-2026,STNT125,Sutinat 12.5mg Cap (28's),30049049,Bottle,133878^1750168,01-12-2025,30-11-2028,N,Outside State Purchase GST-5%, 1.00 ," 1,142.86 "," 5,000.00 ", I ," 1,142.86 ", -   , 57.14 ," 1,200.00 "
144,R.K Pharma,07AAIFR7148G1ZY,Delhi,Natco Pharma Limited,"DL- MLN-111700, DL- MLN-111701",PS/MN/20B/00 (PH MAIN STORE),SE/PH/2026-27/3866,07-08-2026,SE/PH/GRN/26/4990,CLOSED,Against PO,08-08-2026,08-08-2026,MD/26-27/21785,07-08-2026,STNT25,Sutinat 25mg Cap (28's),30049049,Bottle,122883^1750169,01-12-2025,30-11-2028,N,Outside State Purchase GST-5%, 1.00 ," 2,000.00 "," 6,000.00 ", I ," 2,000.00 ", -   , 100.00 ," 2,100.00 "
145,MODEL ENTERPRISES PRIVATE LIMITED,07AAACM8063E1ZL,Delhi,Eli Lilly and Company (India),"20B-DL-TGB-107397, 20F-DL-TGB-114185,21B-DL-TGB-10",PS/MN/20B/00 (PH MAIN STORE),SE/PH/2026-27/3899,08-08-2026,SE/PH/GRN/26/4991,CLOSED,Against PO,08-08-2026,08-08-2026,SB-26-42991,05-08-2026,RMN150,Ramiven 150mg Tab (7's),30049095,Tablet,136647^D917707,01-05-2025,30-04-2028,N,Outside State Purchase GST-5%, 1.00 ," 8,527.14 "," 11,191.88 ", I ," 8,527.14 ", -   , 426.36 ," 8,953.50 "
146,MODEL ENTERPRISES PRIVATE LIMITED,07AAACM8063E1ZL,Delhi,Eli Lilly and Company (India),"20B-DL-TGB-107397, 20F-DL-TGB-114185,21B-DL-TGB-10",PS/MN/20B/00 (PH MAIN STORE),SE/PH/2026-27/3899,08-08-2026,SE/PH/GRN/26/4991,CLOSED,Against PO,08-08-2026,08-08-2026,SB-26-42991,05-08-2026,RMN150,Ramiven 150mg Tab (7's),30049095,Tablet,136647^D917707,01-05-2025,30-04-2028,N,Outside State Purchase GST-5%, 1.00 ," 8,527.14 "," 11,191.88 ", I ," 8,527.14 ", -   , 426.36 ," 8,953.50 "
147,R.K Pharma,07AAIFR7148G1ZY,Delhi,Zydus Cadila Healthcare Ltd,"DL- MLN-111700, DL- MLN-111701",PS/MN/20B/00 (PH MAIN STORE),SE/PH/2026-27/3530,29-07-2026,SE/PH/GRN/26/4992,CLOSED,Against PO,08-08-2026,08-08-2026,MD/26-27/21571,07-08-2026,AMNC05,Amnac 0.1%w/v  Eye Drops 5ml,30049069,Bottle,122224^ASB1019,01-10-2025,30-09-2027,N,Outside State Purchase GST-5%, 40.00 , 48.00 , 198.70 , I ," 1,920.00 ", 96.00 , 91.20 ," 1,915.20 "
148,R.K Pharma,07AAIFR7148G1ZY,Delhi,Natco Pharma Limited,"DL- MLN-111700, DL- MLN-111701",PS/MN/20B/00 (PH MAIN STORE),SE/PH/2026-27/3883,07-08-2026,SE/PH/GRN/26/4993,CLOSED,Against PO,08-08-2026,08-08-2026,MD/26-27/21786,08-08-2026,RAS015,Rasburnat 1.5mg/ml Inj,30049069,Vial,119050^UOX100525,01-11-2025,31-10-2027,N,Outside State Purchase GST-5%, 10.00 ," 3,482.14 "," 8,250.00 ", I ," 34,821.40 ", -   ," 1,741.07 "," 36,562.47 "
149,R.K Pharma,07AAIFR7148G1ZY,Delhi,Hetero Healthcare Ltd,"DL- MLN-111700, DL- MLN-111701",PS/MN/20B/00 (PH MAIN STORE),SE/PH/2026-27/3865,07-08-2026,SE/PH/GRN/26/4994,CLOSED,Against PO,08-08-2026,10-08-2026,MD/26-27/21784,07-08-2026,CZMB60,Carzomib 60mg Inj,30049049,Vial,134219^DOL26041A,01-05-2026,30-04-2028,N,Outside State Purchase GST-5%, 2.00 ," 3,499.00 "," 13,650.00 ", I ," 6,998.00 ", -   , 349.90 ," 7,347.90 "
150,R.K Pharma,07AAIFR7148G1ZY,Delhi,Zydus Cadila Healthcare Ltd,"DL- MLN-111700, DL- MLN-111701",PS/MN/20B/00 (PH MAIN STORE),SE/PH/2026-27/3832,05-08-2026,SE/PH/GRN/26/4995,CLOSED,Against PO,08-08-2026,10-08-2026,MD/26-27/21653,07-08-2026,ENE100,Enfiera 100mg Inj,30021500,Nos,125253^RMV1A25012,01-12-2025,30-11-2028,N,Outside State Purchase GST-5%, 5.00 ," 1,375.00 "," 8,137.50 ", I ," 6,875.00 ", -   , 343.75 ," 7,218.75 "
151,R.K Pharma,07AAIFR7148G1ZY,Delhi,Zydus Cadila Healthcare Ltd,"DL- MLN-111700, DL- MLN-111701",PS/MN/20B/00 (PH MAIN STORE),SE/PH/2026-27/3832,05-08-2026,SE/PH/GRN/26/4995,CLOSED,Against PO,08-08-2026,10-08-2026,MD/26-27/21653,07-08-2026,SGR420,Sigrima 420mg Inj,30049049,Vial,136807^BB00118A,01-07-2026,30-06-2028,N,Outside State Purchase GST-5%, 1.00 ," 38,073.00 "," 79,995.00 ", I ," 38,073.00 ", -   ," 1,903.65 "," 39,976.65 "
152,R.K Pharma,07AAIFR7148G1ZY,Delhi,INTAS PHARMACEUTICAL,"DL- MLN-111700, DL- MLN-111701",PS/MN/20B/00 (PH MAIN STORE),SE/PH/2026-27/3833,05-08-2026,SE/PH/GRN/26/4996,CLOSED,Against PO,08-08-2026,10-08-2026,MD/26-27/21742,07-08-2026,CAP00500,Capsy 500mg Tab,30049049,Tablet,137084^M2510732,01-05-2025,30-04-2028,N,Outside State Purchase GST-5%, 530.00 , 15.50 , 120.42 , I ," 8,215.00 ", -   , 410.75 ," 8,625.75 "
153,R.K Pharma,07AAIFR7148G1ZY,Delhi,Zydus Cadila Healthcare Ltd,"DL- MLN-111700, DL- MLN-111701",PS/MN/20B/00 (PH MAIN STORE),SE/PH/2026-27/3882,07-08-2026,SE/PH/GRN/26/4997,CLOSED,Against PO,08-08-2026,10-08-2026,MD/26-27/21749,07-08-2026,ENE100,Enfiera 100mg Inj,30021500,Nos,125253^RMV1A25012,01-12-2025,30-11-2028,N,Outside State Purchase GST-5%, 15.00 ," 1,375.00 "," 8,137.50 ", I ," 20,625.00 ", -   ," 1,031.25 "," 21,656.25 "
154,R.K Pharma,07AAIFR7148G1ZY,Delhi,INTAS PHARMACEUTICAL,"DL- MLN-111700, DL- MLN-111701",PS/MN/20B/00 (PH MAIN STORE),SE/PH/2026-27/3833,05-08-2026,SE/PH/GRN/26/4998,CLOSED,Against PO,08-08-2026,10-08-2026,MD/26-27/21651,07-08-2026,CAP00500,Capsy 500mg Tab,30049049,Tablet,137084^M2510732,01-05-2025,30-04-2028,N,Outside State Purchase GST-5%, 480.00 , 15.50 , 120.42 , I ," 7,440.00 ", -   , 372.00 ," 7,812.00 "
155,R.K Pharma,07AAIFR7148G1ZY,Delhi,INTAS PHARMACEUTICAL,"DL- MLN-111700, DL- MLN-111701",PS/MN/20B/00 (PH MAIN STORE),SE/PH/2026-27/3833,05-08-2026,SE/PH/GRN/26/4998,CLOSED,Against PO,08-08-2026,10-08-2026,MD/26-27/21651,07-08-2026,CAP00500,Capsy 500mg Tab,30049049,Tablet,127861^P2502898,01-10-2025,30-09-2028,N,Outside State Purchase GST-5%, 70.00 , 15.50 , 120.42 , I ," 1,085.00 ", -   , 54.25 ," 1,139.25 "
156,Emcure Pharmaceuticals Ltd,06AAACE4574C1ZZ,Punjab,"Emcure Pharmaceuticals Ltd,","20B-HR-11-1669OWH, 21BHR-11-1669WH",PS/MN/20B/00 (PH MAIN STORE),SE/PH/2026-27/3807,05-08-2026,SE/PH/GRN/26/4999,CLOSED,Against PO,08-08-2026,10-08-2026,EIAM007406,07-08-2026,GOS260,Gros 260mg Inj,30049044,Vial,131758^IPCC260506,01-05-2026,30-04-2029,N,Inside State Purchase GST-5%, 14.00 , 511.00 ," 10,036.47 ", I ," 7,154.00 ", -   , 357.70 ," 7,511.70 "
157,Emcure Pharmaceuticals Ltd,06AAACE4574C1ZZ,Punjab,EMCURE PHARMACEUTICALS LIMITED,"20B-HR-11-1669OWH, 21BHR-11-1669WH",PS/MN/20B/00 (PH MAIN STORE),SE/PH/2026-27/3807,05-08-2026,SE/PH/GRN/26/4999,CLOSED,Against PO,08-08-2026,10-08-2026,EIAM007406,07-08-2026,GRS100,Gros 100mg Inj,30049044,Vial,135412^IPCB260506,01-05-2026,30-04-2029,N,Inside State Purchase GST-5%, 40.00 , 209.00 ," 3,860.67 ", I ," 8,360.00 ", -   , 418.00 ," 8,778.00 "
158,Emcure Pharmaceuticals Ltd,06AAACE4574C1ZZ,Punjab,"Emcure Pharmaceuticals Ltd,","20B-HR-11-1669OWH, 21BHR-11-1669WH",PS/MN/20B/00 (PH MAIN STORE),SE/PH/2026-27/3807,05-08-2026,SE/PH/GRN/26/4999,CLOSED,Against PO,08-08-2026,10-08-2026,EIAM007406,07-08-2026,GROS30,Gros 30mg Inj,30049044,Vial,137094^IPCA260504,01-05-2026,30-04-2029,N,Inside State Purchase GST-5%, 25.00 , 90.00 ," 1,158.08 ", I ," 2,250.00 ", -   , 112.50 ," 2,362.50 "
159,R.K Pharma,07AAIFR7148G1ZY,Delhi,Zydus Cadila Healthcare Ltd,"DL- MLN-111700, DL- MLN-111701",PS/MN/20B/00 (PH MAIN STORE),SE/PH/2026-27/3867,07-08-2026,SE/PH/GRN/26/5000,CLOSED,Against PO,08-08-2026,10-08-2026,MD/26-27/21752,07-08-2026,ARD005,Aggramed 5mg/100ml IV,30049079,Bottle,127734^AA250203A,01-03-2025,28-02-2027,N,Outside State Purchase GST-5%, 4.00 , 966.94 ," 9,317.44 ", I ," 3,867.76 ", 193.39 , 183.72 ," 3,858.09 "
160,R.K Pharma,07AAIFR7148G1ZY,Delhi,Zydus Cadila Healthcare Ltd,"DL- MLN-111700, DL- MLN-111701",PS/MN/20B/00 (PH MAIN STORE),SE/PH/2026-27/3867,07-08-2026,SE/PH/GRN/26/5000,CLOSED,Against PO,08-08-2026,10-08-2026,MD/26-27/21752,07-08-2026,ENE500,Enfiera 500mg Inj,30021500,Nos,135150^RB2502E,01-01-2025,31-12-2027,N,Outside State Purchase GST-5%, 5.00 ," 6,000.00 "," 39,992.30 ", I ," 30,000.00 ", -   ," 1,500.00 "," 31,500.00 "
161,HEALTHLINE PHARMACEUTICALS,06IHKPS4005L1ZX,Haryana,LUPIN LABORATORIES LTD,"HR-770944-OW/H,W/H",PS/MN/20B/00 (PH MAIN STORE),SE/PH/2026-27/3684,03-08-2026,SE/PH/GRN/26/5001,CLOSED,Against PO,08-08-2026,10-08-2026,26-27/A03506,08-08-2026,RCX100,R-cinex kid Tab DT,30049057,Tablet,137085^A26049SU,01-04-2026,31-03-2028,N,Inside State Purchase GST-5%, 300.00 , 2.23 , 3.81 , I , 669.00 , 33.45 , 31.78 , 667.33 
162,HEALTHLINE PHARMACEUTICALS,06IHKPS4005L1ZX,Haryana,LUPIN LABORATORIES LTD,"HR-770944-OW/H,W/H",PS/MN/20B/00 (PH MAIN STORE),SE/PH/2026-27/3684,03-08-2026,SE/PH/GRN/26/5001,CLOSED,Against PO,08-08-2026,10-08-2026,26-27/A03506,08-08-2026,TOD080,Timzid OD 80 Capsule ER,30049099,Capsule,132701^BKY11ABB,01-05-2026,30-04-2028,N,Inside State Purchase GST-5%, 100.00 , 13.78 , 19.96 , I ," 1,378.00 ", 68.90 , 65.45 ," 1,374.56 "
163,HEALTHLINE PHARMACEUTICALS,06IHKPS4005L1ZX,Haryana,Lupin Limited,"HR-770944-OW/H,W/H",PS/MN/20B/00 (PH MAIN STORE),SE/PH/2026-27/3684,03-08-2026,SE/PH/GRN/26/5001,CLOSED,Against PO,08-08-2026,10-08-2026,26-27/A03506,08-08-2026,TELKT5,Telekast 5mg Chewable Tab,30049099,Tablet,137087^UC00734,01-03-2026,28-02-2029,N,Inside State Purchase GST-5%, 200.00 , 6.15 , 12.82 , I ," 1,230.60 ", 61.53 , 58.45 ," 1,227.52 "
164,HEALTHLINE PHARMACEUTICALS,06IHKPS4005L1ZX,Haryana,LUPIN LABORATORIES LTD,"HR-770944-OW/H,W/H",PS/MN/20B/00 (PH MAIN STORE),SE/PH/2026-27/3684,03-08-2026,SE/PH/GRN/26/5001,CLOSED,Against PO,08-08-2026,10-08-2026,26-27/A03506,08-08-2026,FSC001,Fruselac Tab,30049079,(1.00 x Tablet),137086^AB05644,01-12-2025,30-11-2028,N,Inside State Purchase GST-5%, 500.00 , 3.98 , 6.38 , I ," 1,990.00 ", 99.50 , 94.53 ," 1,985.03 "
165,HOLISTIC HEALTHCARE,07AUXPS3756Q1Z9,Delhi,"INTAS PHARMACEUTICALS LTD.,","20-117780,20B-81,20F-82,20G-83,21-84,21B-85",PS/MN/20B/00 (PH MAIN STORE),SE/PH/2026-27/3813,05-08-2026,SE/PH/GRN/26/5002,CLOSED,Against PO,08-08-2026,08-08-2026,H07455,07-08-2026,GB010,GLOBUCEL 10 GM/100 ML,30021290,Vial,137060^97130194,01-04-2026,31-03-2029,N,Outside State Purchase GST-5%, 1.00 ," 14,850.00 "," 20,650.84 ", I ," 14,850.00 ", -   , 742.50 ," 15,592.50 "
166,HOLISTIC HEALTHCARE,07AUXPS3756Q1Z9,Delhi,"INTAS PHARMACEUTICALS LTD.,","20-117780,20B-81,20F-82,20G-83,21-84,21B-85",PS/MN/20B/00 (PH MAIN STORE),SE/PH/2026-27/3813,05-08-2026,SE/PH/GRN/26/5002,CLOSED,Against PO,08-08-2026,08-08-2026,H07455,07-08-2026,GB010,GLOBUCEL 10 GM/100 ML,30021290,Vial,129723^97130193,01-04-2026,31-03-2029,N,Outside State Purchase GST-5%, 21.00 ," 14,850.00 "," 20,650.84 ", I ," 3,11,850.00 ", -   ," 15,592.50 "," 3,27,442.50 "
167,HOLISTIC HEALTHCARE,07AUXPS3756Q1Z9,Delhi,"INTAS PHARMACEUTICALS LTD.,","20-117780,20B-81,20F-82,20G-83,21-84,21B-85",PS/MN/20B/00 (PH MAIN STORE),SE/PH/2026-27/3813,05-08-2026,SE/PH/GRN/26/5002,CLOSED,Against PO,08-08-2026,08-08-2026,H07455,07-08-2026,GB010,GLOBUCEL 10 GM/100 ML,30021290,Vial,137059^97130197,01-05-2026,30-04-2029,N,Outside State Purchase GST-5%, 18.00 ," 14,850.00 "," 20,650.84 ", I ," 2,67,300.00 ", -   ," 13,365.00 "," 2,80,665.00 "
168,HOLISTIC HEALTHCARE,07AUXPS3756Q1Z9,Delhi,Intas Laboratories Pvt Ltd,"20-117780,20B-81,20F-82,20G-83,21-84,21B-85",PS/MN/20B/00 (PH MAIN STORE),SE/PH/2026-27/3691,03-08-2026,SE/PH/GRN/26/5003,CLOSED,Against PO,08-08-2026,08-08-2026,H07480,08-08-2026,GBC005,Globucel 5gm Inj 100ml (ISS),30021290,Vial,137061^97020479,01-11-2025,31-10-2028,N,Outside State Purchase GST-5%, 10.00 ," 7,425.00 "," 11,056.60 ", I ," 74,250.00 ", -   ," 3,712.50 "," 77,962.50 "
169,R.K Pharma,07AAIFR7148G1ZY,Delhi,Zydus Cadila Healthcare Ltd,"DL- MLN-111700, DL- MLN-111701",PS/MN/20B/00 (PH MAIN STORE),SE/PH/2026-27/3362,22-07-2026,SE/PH/GRN/26/5004,CLOSED,Against PO,08-08-2026,10-08-2026,MD/26-27/21755,07-08-2026,VRR200,Vorier 200mg Tab,30049059,Tablet,135410^EMV261374,01-05-2026,30-04-2028,N,Outside State Purchase GST-5%, 16.00 , 85.00 ," 1,216.88 ", I ," 1,360.00 ", 68.00 , 64.60 ," 1,356.60 "
170,AARK PHARMACEUTICALS PRIVATE LIMITED ( NEON CFA ),07ABCCA6570H1ZN,Delhi,Neon Laboratories Ltd,"20-RLF20DL2024002050,20G-RLF20G2024DL000027,20F-RL",PS/MN/20B/00 (PH MAIN STORE),SE/PH/2026-27/3796,05-08-2026,SE/PH/GRN/26/5005,CLOSED,Against PO,08-08-2026,10-08-2026,ALSH262702791,08-08-2026,CLN150,Cloneon 150mcg Inj,30049076,Ampoule,137088^0264,01-03-2026,30-11-2027,N,Outside State Purchase GST-5%, 30.00 , 72.02 , 99.95 , I ," 2,160.60 ", -   , 108.03 ," 2,268.63 "
171,AARK PHARMACEUTICALS PRIVATE LIMITED ( NEON CFA ),07ABCCA6570H1ZN,Delhi,Neon Laboratories Ltd,"20-RLF20DL2024002050,20G-RLF20G2024DL000027,20F-RL",PS/MN/20B/00 (PH MAIN STORE),SE/PH/2026-27/3796,05-08-2026,SE/PH/GRN/26/5005,CLOSED,Against PO,08-08-2026,10-08-2026,ALSH262702791,08-08-2026,FLA100,Flamheal 100mg Tab,30049069,Tablet,131465^BDW01ADB,01-02-2026,31-01-2028,N,Outside State Purchase GST-5%, 200.00 , 6.00 , 25.12 , I ," 1,200.00 ", -   , 60.00 ," 1,260.00 "
172,AARK PHARMACEUTICALS PRIVATE LIMITED ( NEON CFA ),07ABCCA6570H1ZN,Delhi,Neon Laboratories Ltd,"20-RLF20DL2024002050,20G-RLF20G2024DL000027,20F-RL",PS/MN/20B/00 (PH MAIN STORE),SE/PH/2026-27/3796,05-08-2026,SE/PH/GRN/26/5005,CLOSED,Against PO,08-08-2026,10-08-2026,ALSH262702791,08-08-2026,JSN100,Justin 100mg Suppository,30049069,Needle,137089^BLNP274062,01-02-2026,31-01-2029,N,Outside State Purchase GST-5%, 100.00 , 13.56 , 18.74 , I ," 1,355.60 ", -   , 67.78 ," 1,423.38 "
173,AARK PHARMACEUTICALS PRIVATE LIMITED ( NEON CFA ),07ABCCA6570H1ZN,Delhi,Neon Laboratories Ltd,"20-RLF20DL2024002050,20G-RLF20G2024DL000027,20F-RL",PS/MN/20B/00 (PH MAIN STORE),SE/PH/2026-27/3796,05-08-2026,SE/PH/GRN/26/5005,CLOSED,Against PO,08-08-2026,10-08-2026,ALSH262702791,08-08-2026,LOX005,Lox 5% Patch,30049099,Nos,133707^LT00326,01-02-2026,31-01-2028,N,Outside State Purchase GST-5%, 10.00 , 216.00 , 417.00 , I ," 2,160.00 ", -   , 108.00 ," 2,268.00 "
174,AARK PHARMACEUTICALS PRIVATE LIMITED ( NEON CFA ),07ABCCA6570H1ZN,Delhi,Neon Laboratories Ltd,"20-RLF20DL2024002050,20G-RLF20G2024DL000027,20F-RL",PS/MN/20B/00 (PH MAIN STORE),SE/PH/2026-27/3796,05-08-2026,SE/PH/GRN/26/5005,CLOSED,Against PO,08-08-2026,10-08-2026,ALSH262702791,08-08-2026,MLR100,Milrineon 10mg/10ml Inj,30049099,Ampoule,131708^2581027,01-01-2026,31-12-2027,N,Outside State Purchase GST-5%, 10.00 , 230.00 ," 2,813.00 ", I ," 2,300.00 ", -   , 115.00 ," 2,415.00 "
175,AARK PHARMACEUTICALS PRIVATE LIMITED ( NEON CFA ),07ABCCA6570H1ZN,Delhi,Neon Laboratories Ltd,"20-RLF20DL2024002050,20G-RLF20G2024DL000027,20F-RL",PS/MN/20B/00 (PH MAIN STORE),SE/PH/2026-27/3796,05-08-2026,SE/PH/GRN/26/5005,CLOSED,Against PO,08-08-2026,10-08-2026,ALSH262702791,08-08-2026,POT015,Potphos 15ml Inj,30049039,Ampoule,132642^2606011,01-02-2026,31-01-2028,N,Outside State Purchase GST-5%, 30.00 , 79.20 , 110.30 , I ," 2,376.00 ", -   , 118.80 ," 2,494.80 "
176,Gennova  Biopharmaceuticals  Ltd,06AABCE0008Q1ZS,Haryana,"Emcure Phamaceuticals Ltd,","20BHR11-1668,21B HR-11-1668",PS/MN/20B/00 (PH MAIN STORE),SE/PH/2026-27/3846,05-08-2026,SE/PH/GRN/26/5006,CLOSED,Against PO,08-08-2026,10-08-2026,GIAM000897,07-08-2026,SEV400,Sevcar 400mg Tab,30049099,Nos,131765^E16NJ26006,01-03-2026,28-02-2029,N,Inside State Purchase GST-5%," 1,000.00 ", 6.20 , 44.42 , I ," 6,200.00 ", -   , 310.00 ," 6,510.00 "
177,Gennova  Biopharmaceuticals  Ltd,06AABCE0008Q1ZS,Haryana,"Emcure Phamaceuticals Ltd,","20BHR11-1668,21B HR-11-1668",PS/MN/20B/00 (PH MAIN STORE),SE/PH/2026-27/3846,05-08-2026,SE/PH/GRN/26/5006,CLOSED,Against PO,08-08-2026,10-08-2026,GIAM000897,07-08-2026,SEV800,Sevcar 800mg Tab,30049099,Nos,137091^E16NK26006,01-05-2026,30-04-2029,N,Inside State Purchase GST-5%," 1,000.00 ", 10.00 , 72.67 , I ," 10,000.00 ", -   , 500.00 ," 10,500.00 "
178,Gennova  Biopharmaceuticals  Ltd,06AABCE0008Q1ZS,Haryana,"Emcure Pharmaceuticals Ltd,","20BHR11-1668,21B HR-11-1668",PS/MN/20B/00 (PH MAIN STORE),SE/PH/2026-27/3846,05-08-2026,SE/PH/GRN/26/5006,CLOSED,Against PO,08-08-2026,10-08-2026,GIAM000897,07-08-2026,VGF01,Vingraf 1mg Cap,30049099,Capsules,137090^ELT6AC6013,01-02-2026,31-01-2028,N,Inside State Purchase GST-5%, 120.00 , 7.70 , 43.39 , I , 924.00 , -   , 46.20 , 970.20 
179,Gennova  Biopharmaceuticals  Ltd,06AABCE0008Q1ZS,Haryana,Gennova Biopharmaceuticals Ltd,"20BHR11-1668,21B HR-11-1668",PS/MN/20B/00 (PH MAIN STORE),SE/PH/2026-27/3846,05-08-2026,SE/PH/GRN/26/5007,,Against PO,08-08-2026,,GIAM000904,07-08-2026,HMJ1500,Hamsyl Junior 1500IU/2ml Inj,30049047,Vial,C632602J05,01-03-2026,29-02-2028,N,Outside State Purchase GST-5%, 2.00 ," 15,000.00 "," 23,046.00 ", I ," 30,000.00 ", -   ," 1,500.00 "," 31,500.00 "
180,Gennova  Biopharmaceuticals  Ltd,06AABCE0008Q1ZS,Haryana,Gennova Biopharmaceuticals Ltd,"20BHR11-1668,21B HR-11-1668",PS/MN/20B/00 (PH MAIN STORE),SE/PH/2026-27/3846,05-08-2026,SE/PH/GRN/26/5007,,Against PO,08-08-2026,,GIAM000904,07-08-2026,HMJ1500,Hamsyl Junior 1500IU/2ml Inj,30049047,Vial,C632603J06,01-05-2026,30-04-2028,N,Outside State Purchase GST-5%, 3.00 ," 15,000.00 "," 23,046.00 ", I ," 45,000.00 ", -   ," 2,250.00 "," 47,250.00 "
181,AARK PHARMACEUTICALS PRIVATE LIMITED ( NEON CFA ),07ABCCA6570H1ZN,Delhi,Neon Laboratories Ltd,"20-RLF20DL2024002050,20G-RLF20G2024DL000027,20F-RL",PS/MN/20B/00 (PH MAIN STORE),SE/PH/2026-27/3795,05-08-2026,SE/PH/GRN/26/5008,CLOSED,Against PO,08-08-2026,10-08-2026,ALSH262702793,08-08-2026,EVT005,Evatocin 5IU/ml Inj,30043911,Ampoule,137071^091712,01-06-2026,29-02-2028,N,Outside State Purchase GST-5%, 500.00 , 9.70 , 18.90 , I ," 4,850.00 ", -   , 242.50 ," 5,092.50 "
182,AARK PHARMACEUTICALS PRIVATE LIMITED ( NEON CFA ),07ABCCA6570H1ZN,Delhi,Neon Laboratories Ltd,"20-RLF20DL2024002050,20G-RLF20G2024DL000027,20F-RL",PS/MN/20B/00 (PH MAIN STORE),SE/PH/2026-27/3795,05-08-2026,SE/PH/GRN/26/5008,CLOSED,Against PO,08-08-2026,10-08-2026,ALSH262702793,08-08-2026,LOX002,Lox 2% With Adrenaline Inj,30039034,Vial,137075^SU1478556,01-05-2026,31-05-2027,N,Outside State Purchase GST-5%, 120.00 , 21.11 , 33.60 , I ," 2,533.20 ", -   , 126.66 ," 2,659.86 "
183,AARK PHARMACEUTICALS PRIVATE LIMITED ( NEON CFA ),07ABCCA6570H1ZN,Delhi,Neon Laboratories Ltd,"20-RLF20DL2024002050,20G-RLF20G2024DL000027,20F-RL",PS/MN/20B/00 (PH MAIN STORE),SE/PH/2026-27/3795,05-08-2026,SE/PH/GRN/26/5008,CLOSED,Against PO,08-08-2026,10-08-2026,ALSH262702793,08-08-2026,LCD02,Loxicard 2% 50ml Inj,30039034,(1.00 x Vial),137072^SM238030,01-04-2026,31-03-2029,N,Outside State Purchase GST-5%, 120.00 , 43.18 , 55.48 , I ," 5,181.60 ", -   , 259.08 ," 5,440.68 "
184,AARK PHARMACEUTICALS PRIVATE LIMITED ( NEON CFA ),07ABCCA6570H1ZN,Delhi,Neon Laboratories Ltd,"20-RLF20DL2024002050,20G-RLF20G2024DL000027,20F-RL",PS/MN/20B/00 (PH MAIN STORE),SE/PH/2026-27/3795,05-08-2026,SE/PH/GRN/26/5008,CLOSED,Against PO,08-08-2026,10-08-2026,ALSH262702793,08-08-2026,NRF010,Neorof 10mg/ml 10ml Inj,30039034,(1.00 x Vial),137076^NA338086,01-02-2026,31-01-2028,N,Outside State Purchase GST-5%, 200.00 , 26.67 , 69.10 , I ," 5,334.00 ", -   , 266.70 ," 5,600.70 "
185,AARK PHARMACEUTICALS PRIVATE LIMITED ( NEON CFA ),07ABCCA6570H1ZN,Delhi,Neon Laboratories Ltd,"20-RLF20DL2024002050,20G-RLF20G2024DL000027,20F-RL",PS/MN/20B/00 (PH MAIN STORE),SE/PH/2026-27/3795,05-08-2026,SE/PH/GRN/26/5008,CLOSED,Against PO,08-08-2026,10-08-2026,ALSH262702793,08-08-2026,SPDL01,Supridol 1ml Inj,30049079,Ampoule,137074^KP1287050,01-06-2026,31-05-2028,N,Outside State Purchase GST-5%," 1,000.00 ", 3.84 , 12.56 , I ," 3,840.00 ", -   , 192.00 ," 4,032.00 "
186,AARK PHARMACEUTICALS PRIVATE LIMITED ( NEON CFA ),07ABCCA6570H1ZN,Delhi,Neon Laboratories Ltd,"20-RLF20DL2024002050,20G-RLF20G2024DL000027,20F-RL",PS/MN/20B/00 (PH MAIN STORE),SE/PH/2026-27/3795,05-08-2026,SE/PH/GRN/26/5008,CLOSED,Against PO,08-08-2026,10-08-2026,ALSH262702793,08-08-2026,SPDL02,Supridol 2ml Inj,30049079,Ampoule,137073^KP1568287,01-06-2026,31-05-2028,N,Outside State Purchase GST-5%, 500.00 , 6.72 , 25.12 , I ," 3,360.00 ", -   , 168.00 ," 3,528.00 "
187,AARK PHARMACEUTICALS PRIVATE LIMITED ( NEON CFA ),07ABCCA6570H1ZN,Delhi,Neon Laboratories Ltd,"20-RLF20DL2024002050,20G-RLF20G2024DL000027,20F-RL",PS/MN/20B/00 (PH MAIN STORE),SE/PH/2026-27/3794,05-08-2026,SE/PH/GRN/26/5009,CLOSED,Against PO,08-08-2026,10-08-2026,ALSH262702792,08-08-2026,AWN025,Anawin 0.25% Inj 20ml,30039034,Vials,137082^V683013,01-03-2026,29-02-2028,N,Outside State Purchase GST-5%, 200.00 , 46.12 , 60.15 , I ," 9,224.00 ", -   , 461.20 ," 9,685.20 "
188,AARK PHARMACEUTICALS PRIVATE LIMITED ( NEON CFA ),07ABCCA6570H1ZN,Delhi,Neon Laboratories Ltd,"20-RLF20DL2024002050,20G-RLF20G2024DL000027,20F-RL",PS/MN/20B/00 (PH MAIN STORE),SE/PH/2026-27/3794,05-08-2026,SE/PH/GRN/26/5009,CLOSED,Against PO,08-08-2026,10-08-2026,ALSH262702792,08-08-2026,ATCL25,Artacil Inj 2.5ml,30049099,Ampoule,137080^1303365,01-05-2026,31-10-2027,N,Outside State Purchase GST-5%," 1,000.00 ", 24.44 , 45.30 , I ," 24,440.00 ", -   ," 1,222.00 "," 25,662.00 "
189,AARK PHARMACEUTICALS PRIVATE LIMITED ( NEON CFA ),07ABCCA6570H1ZN,Delhi,Neon Laboratories Ltd,"20-RLF20DL2024002050,20G-RLF20G2024DL000027,20F-RL",PS/MN/20B/00 (PH MAIN STORE),SE/PH/2026-27/3794,05-08-2026,SE/PH/GRN/26/5009,CLOSED,Against PO,08-08-2026,10-08-2026,ALSH262702792,08-08-2026,BPRP10,Bupregesic 10mg (10mcg/hr) transdermal Patch,30049069,Patches,137078^BT00426/02,01-03-2026,29-02-2028,N,Outside State Purchase GST-5%, 20.00 , 410.00 ," 1,499.00 ", I ," 8,200.00 ", -   , 410.00 ," 8,610.00 "
190,AARK PHARMACEUTICALS PRIVATE LIMITED ( NEON CFA ),07ABCCA6570H1ZN,Delhi,Neon Laboratories Ltd,"20-RLF20DL2024002050,20G-RLF20G2024DL000027,20F-RL",PS/MN/20B/00 (PH MAIN STORE),SE/PH/2026-27/3794,05-08-2026,SE/PH/GRN/26/5009,CLOSED,Against PO,08-08-2026,10-08-2026,ALSH262702792,08-08-2026,LOX2%,Lox 2% Inj 30ml,30039034,Nos,137083^SM144755,01-03-2026,29-02-2028,N,Outside State Purchase GST-5%, 300.00 , 18.89 , 33.30 , I ," 5,667.00 ", -   , 283.35 ," 5,950.35 "
191,AARK PHARMACEUTICALS PRIVATE LIMITED ( NEON CFA ),07ABCCA6570H1ZN,Delhi,Neon Laboratories Ltd,"20-RLF20DL2024002050,20G-RLF20G2024DL000027,20F-RL",PS/MN/20B/00 (PH MAIN STORE),SE/PH/2026-27/3794,05-08-2026,SE/PH/GRN/26/5009,CLOSED,Against PO,08-08-2026,10-08-2026,ALSH262702792,08-08-2026,LOX030,Lox 2% Jelly 30gm,30039034,Tube,137079^L1902,01-05-2026,30-04-2028,N,Outside State Purchase GST-5%, 480.00 , 18.89 , 34.58 , I ," 9,067.20 ", -   , 453.36 ," 9,520.56 "
192,AARK PHARMACEUTICALS PRIVATE LIMITED ( NEON CFA ),07ABCCA6570H1ZN,Delhi,Neon Laboratories Ltd,"20-RLF20DL2024002050,20G-RLF20G2024DL000027,20F-RL",PS/MN/20B/00 (PH MAIN STORE),SE/PH/2026-27/3794,05-08-2026,SE/PH/GRN/26/5009,CLOSED,Against PO,08-08-2026,10-08-2026,ALSH262702792,08-08-2026,PPl010,Phenpres LS 10ml (50mcg/ml) Inj,30049099,Nos,135136^1986016,01-05-2026,30-04-2028,N,Outside State Purchase GST-5%, 100.00 , 87.64 , 132.40 , I ," 8,764.00 ", -   , 438.20 ," 9,202.20 "
193,AARK PHARMACEUTICALS PRIVATE LIMITED ( NEON CFA ),07ABCCA6570H1ZN,Delhi,Neon Laboratories Ltd,"20-RLF20DL2024002050,20G-RLF20G2024DL000027,20F-RL",PS/MN/20B/00 (PH MAIN STORE),SE/PH/2026-27/3794,05-08-2026,SE/PH/GRN/26/5009,CLOSED,Against PO,08-08-2026,10-08-2026,ALSH262702792,08-08-2026,PRI30,Prilox 30gm cream,30039034,Tube,137081^P159,01-11-2025,31-10-2028,N,Outside State Purchase GST-5%, 20.00 , 250.00 , 943.50 , I ," 5,000.00 ", -   , 250.00 ," 5,250.00 "
194,AARK PHARMACEUTICALS PRIVATE LIMITED ( NEON CFA ),07ABCCA6570H1ZN,Delhi,Neon Laboratories Ltd,"20-RLF20DL2024002050,20G-RLF20G2024DL000027,20F-RL",PS/MN/20B/00 (PH MAIN STORE),SE/PH/2026-27/3794,05-08-2026,SE/PH/GRN/26/5009,CLOSED,Against PO,08-08-2026,10-08-2026,ALSH262702792,08-08-2026,RPI002,Ropin 2mg/ml Inj 20ml,30039034,(1.00 x Ampoule),133759^1435138,01-04-2026,31-03-2028,N,Outside State Purchase GST-5%, 120.00 , 80.00 , 189.30 , I ," 9,600.00 ", -   , 480.00 ," 10,080.00 "
195,VARENYAM HEALTHCARE - CFA,06AAFCV5417L1Z2,Haryana,Varenyam Healthcare Pvt Ltd,,PS/MN/20B/00 (PH MAIN STORE),SE/PH/2026-27/3843,05-08-2026,SE/PH/GRN/26/5010,CLOSED,Against PO,08-08-2026,10-08-2026,112/26/SC/1599,07-08-2026,TMV030,Termiva 30mg Inj,30049099,Vial,135217^P6404,01-07-2026,30-06-2028,N,Inside State Purchase GST-5%, 100.00 , 81.00 , 313.87 , I ," 8,100.00 ", -   , 405.00 ," 8,505.00 "
196,Gland Pharma Ltd (Delhi),07AAACG8036B1Z0,Haryana,Gland Pharma Limited,20B: 115848 & 21B: 115849,PS/MN/20B/00 (PH MAIN STORE),SE/PH/2026-27/3710,03-08-2026,SE/PH/GRN/26/5011,CLOSED,Against PO,08-08-2026,10-08-2026,DL2711000743,06-08-2026,HGN250O,Hepaglan 25000 IU Inj (OSS),30019091,Vial,137092^G1010056,01-05-2026,30-04-2029,N,Outside State Purchase GST-5%, 50.00 , 150.00 , 322.00 , I ," 7,500.00 ", -   , 375.00 ," 7,875.00 "
197,Gland Pharma Ltd (Delhi),07AAACG8036B1Z0,Haryana,Gland Pharma Limited,20B: 115848 & 21B: 115849,PS/MN/20B/00 (PH MAIN STORE),SE/PH/2026-27/3710,03-08-2026,SE/PH/GRN/26/5011,CLOSED,Against PO,08-08-2026,10-08-2026,DL2711000743,06-08-2026,SUR100,Surkef 1gm Inj,30049099,Vial,137093^H562602,01-02-2026,31-01-2028,N,Outside State Purchase GST-5%, 20.00 , 35.00 , 309.35 , I , 700.00 , -   , 35.00 , 735.00 
198,Gland Pharma Ltd (Delhi),07AAACG8036B1Z0,Haryana,Gland Pharma Limited,20B: 115848 & 21B: 115849,PS/MN/20B/00 (PH MAIN STORE),SE/PH/2026-27/3690,03-08-2026,SE/PH/GRN/26/5011,CLOSED,Against PO,08-08-2026,10-08-2026,DL2711000743,06-08-2026,HGN250O,Hepaglan 25000 IU Inj (OSS),30019091,Vial,137092^G1010056,01-05-2026,30-04-2029,N,Outside State Purchase GST-5%, 100.00 , 150.00 , 322.00 , I ," 15,000.00 ", -   , 750.00 ," 15,750.00 "
,,,,,,,,,,,,,,,,,,,,,,,,,,,,," 26,37,499.06 "," 1,28,104.99 "," 1,47,369.24 "," 26,56,763.31 "
