S.No.,PO. No.,Vendor,"Creation
Date","Approved
Date","Creation
Status","Processing
Status","Item
Code","Item
Name","Purchase
UOM","Free
Item
Y/N","PRQ
No.","Required
Date","Delivery
Date","Expiry
Date Above",Manufacturer,Remarks,"Internal
Remarks","Quotation
Ref.","Rate Contract
Ref.","Offer 
Taxable
Y/N","Tax
Name","PO
Qty.","Item
Rate",Item Total,"Received
Qty.",MRP,"MRP Tax
Incl.(Y/N)","Vendor
Disc.","Manf.
Disc.","Disc.
Amt.","Tax
Amt.","Grand
Total"
1,SE/PH/2026-27/5234,Karun Enterprises,19/09/2026,19/09/2026,Approved,Pending,ZPD010,Zolpid 10mg Tab,(1.00 x Tablet),No,P/AMPU/26/4958,18/09/2026,19/09/2026,19/09/2026,Micro Labs Limited,,,,,Yes,Inside State Purchase GST-5%,700.00,2.65,1855.00,0.00,8.93,Yes,0.00,0.00,0.00,92.75,1947.75
2,SE/PH/2026-27/5234,Karun Enterprises,19/09/2026,19/09/2026,Approved,Pending,MOXLX,Moxigram LX Eye Drop,Drop,No,P/AMPU/26/4958,18/09/2026,19/09/2026,19/09/2026,Micro Labs Limited,,,,,Yes,Inside State Purchase GST-5%,5.00,55.36,276.80,0.00,201.00,Yes,0.00,0.00,0.00,13.84,290.64
3,SE/PH/2026-27/5235,N M MEDIWAYS,19/09/2026,19/09/2026,Approved,Pending,CHR002,Chlorocol H Eye Ointment,Tube,No,P/AMPU/26/4960,18/09/2026,19/09/2026,19/09/2026,Java Labs,,,,,No,Inside State Purchase GST-5%,25.00,122.14,3053.50,0.00,153.75,Yes,5.00,0.00,152.68,145.04,3045.86
4,SE/PH/2026-27/5236,NEELKANTH PHARMACEUTICALS LLP,19/09/2026,19/09/2026,Approved,Pending,AVL002,Avil Inj 2ml,Ampoule,No,P/AMPU/26/4961,18/09/2026,19/09/2026,19/09/2026,Aventis Pharma Limited,,,,,Yes,Outside State Purchase GST-5%,600.00,4.71,2827.20,0.00,5.89,Yes,5.00,0.00,141.36,134.29,2820.13
5,SE/PH/2026-27/5237,Novacare Healthcare Solutions Private Limited(DELHI),19/09/2026,19/09/2026,Approved,Pending,AST006,Asthalin Inhaler,Canister,No,P/AMPU/26/4962,18/09/2026,19/09/2026,19/09/2026,Cipla Ltd,,,,,Yes,Outside State Purchase GST-5%,40.00,126.41,5056.40,0.00,126.41,Yes,5.00,0.00,252.82,240.18,5043.76
6,SE/PH/2026-27/5238,PHARMAGIX,19/09/2026,19/09/2026,Approved,Pending,SHL101,Shelcal CT Tab,Tablet,No,P/AMPU/26/4963,18/09/2026,19/09/2026,19/09/2026,Torrent Pharmaceuticals Limited,,,,,Yes,Inside State Purchase GST-5%,300.00,6.96,2089.50,0.00,24.53,Yes,5.00,0.00,104.48,99.25,2084.27
7,SE/PH/2026-27/5238,PHARMAGIX,19/09/2026,19/09/2026,Approved,Pending,MTR250,Mirator 0.25mg Tab,Tablet,No,P/AMPU/26/4963,18/09/2026,19/09/2026,19/09/2026,Torrent Pharmaceuticals Limited,,,,,Yes,Inside State Purchase GST-5%,200.00,4.81,961.60,0.00,11.61,Yes,5.00,0.00,48.08,45.68,959.20
8,SE/PH/2026-27/5238,PHARMAGIX,19/09/2026,19/09/2026,Approved,Pending,AMF040,Amifru 40mg Tab,Tablet,No,P/AMPU/26/4963,18/09/2026,19/09/2026,19/09/2026,Torrent Pharmaceuticals Limited,,,,,Yes,Inside State Purchase GST-5%,200.00,0.80,160.60,0.00,1.12,Yes,5.00,0.00,8.03,7.63,160.20
9,SE/PH/2026-27/5239,R.K Pharma,19/09/2026,19/09/2026,Approved,Pending,CTR002,C-Tri 2gm inj,Vial,No,P/AMPU/26/4964,18/09/2026,19/09/2026,19/09/2026,Zuventus Healthcare Ltd,,,,,Yes,Outside State Purchase GST-5%,45.00,48.00,2160.00,0.00,145.01,Yes,5.00,0.00,108.00,102.60,2154.60
10,SE/PH/2026-27/5239,R.K Pharma,19/09/2026,19/09/2026,Approved,Pending,ZIN050,Zinconia 50mg Tab,Tablet,No,P/AMPU/26/4964,18/09/2026,19/09/2026,19/09/2026,Zuventus Healthcare Ltd,,,,,Yes,Outside State Purchase GST-5%,200.00,4.13,825.40,0.00,6.84,Yes,5.00,0.00,41.27,39.21,823.34
11,SE/PH/2026-27/5240,R.K Pharma,19/09/2026,19/09/2026,Approved,Pending,ZYC200,Zycel 200mg Cap,Capsule,No,P/AMPU/26/4965,18/09/2026,19/09/2026,19/09/2026,Zydus Cadila Healthcare Ltd,,,,,Yes,Outside State Purchase GST-5%,200.00,22.08,4415.20,0.00,34.78,Yes,5.00,0.00,220.76,209.72,4404.16
12,SE/PH/2026-27/5240,R.K Pharma,19/09/2026,19/09/2026,Approved,Pending,ZMR50,Zymurine 50mg Tab,(1.00 x Tablet),No,P/AMPU/26/4965,18/09/2026,19/09/2026,19/09/2026,Zydus Cadila Healthcare Ltd,,,,,Yes,Outside State Purchase GST-5%,200.00,1.14,228.00,0.00,11.57,Yes,5.00,0.00,11.40,10.83,227.43
13,SE/PH/2026-27/5241,UNAG PHARMA PRIVATE LIMITED,19/09/2026,19/09/2026,Approved,Pending,BUD09,Budez OD 9mg Bottle (1*15),Nos,No,P/AMPU/26/4967,18/09/2026,19/09/2026,19/09/2026,SUN PHARMACEUTICAL INDUSTRIES LTD,,,,,Yes,Inside State Purchase GST-5%,4.00,667.43,2669.72,0.00,876.00,Yes,5.00,0.00,133.49,126.81,2663.04
14,SE/PH/2026-27/5242,UNITED BIOTECH (P) LTD,19/09/2026,19/09/2026,Closed,Processed,DPRS10,D-Pressin 10mcg Nasal Spray,Canister,No,P/AMPU/26/4968,18/09/2026,19/09/2026,19/09/2026,UNITED BIO-TECH,,,,,Yes,Outside State Purchase GST-5%,4.00,584.04,2336.16,4.00,1644.00,Yes,0.00,0.00,0.00,116.81,2452.97
15,SE/PH/2026-27/5243,Toasha Vaccines Southend,19/09/2026,19/09/2026,Closed,Processed,FLX05,Fluarix SH ( Trivalent ) PFS vaccines,Nos,No,P/AMPU/26/5011,19/09/2026,19/09/2026,19/09/2026,Glaxosmithkline Pharmaceuticals Ltd,,,,,Yes,Outside State Purchase GST-5%,200.00,903.81,180762.00,200.00,2499.00,Yes,5.00,0.00,9038.10,8586.20,180310.10
16,SE/PH/2026-27/5244,AARK PHARMACEUTICALS PRIVATE LIMITED,19/09/2026,19/09/2026,Approved,Pending,SGC355,Surgi Carb 355ml Solution,(1.00 x Bottle),No,P/AMPU/26/4970,19/09/2026,19/09/2026,19/09/2026,Lifecare Biosciences Private Ltd,,,,,Yes,Outside State Purchase GST-5%,100.00,151.00,15100.00,0.00,311.00,Yes,5.00,0.00,755.00,717.25,15062.25
17,SE/PH/2026-27/5245,AARK PHARMACEUTICALS PRIVATE LIMITED ( NEON CFA ),19/09/2026,19/09/2026,Approved,Pending,LOX030,Lox 2% Jelly 30gm,Tube,No,P/AMPU/26/4971,19/09/2026,19/09/2026,19/09/2026,Neon Laboratories Ltd,,,,,Yes,Outside State Purchase GST-5%,960.00,18.89,18134.40,0.00,34.58,Yes,0.00,0.00,0.00,906.72,19041.12
18,SE/PH/2026-27/5245,AARK PHARMACEUTICALS PRIVATE LIMITED ( NEON CFA ),19/09/2026,19/09/2026,Approved,Pending,ARTCL50,Artacil 50mg/5ml Inj,Ampoule,No,P/AMPU/26/4971,19/09/2026,19/09/2026,19/09/2026,Neon Laboratories Ltd,,,,,Yes,Outside State Purchase GST-5%,500.00,34.00,17000.00,0.00,90.60,Yes,0.00,0.00,0.00,850.00,17850.00
19,SE/PH/2026-27/5245,AARK PHARMACEUTICALS PRIVATE LIMITED ( NEON CFA ),19/09/2026,19/09/2026,Approved,Pending,NEO20,Neorof 1% 20ml Inj,Vial,No,P/AMPU/26/4971,19/09/2026,19/09/2026,19/09/2026,Neon Laboratories Ltd,,,,,No,Outside State Purchase GST-5%,400.00,33.90,13560.00,0.00,138.70,Yes,0.00,0.00,0.00,678.00,14238.00
20,SE/PH/2026-27/5245,AARK PHARMACEUTICALS PRIVATE LIMITED ( NEON CFA ),19/09/2026,19/09/2026,Approved,Pending,RPI002,Ropin 2mg/ml Inj 20ml,(1.00 x Ampoule),No,P/AMPU/26/4971,19/09/2026,19/09/2026,19/09/2026,Neon Laboratories Ltd,,,,,Yes,Outside State Purchase GST-5%,120.00,80.00,9600.00,0.00,189.30,Yes,0.00,0.00,0.00,480.00,10080.00
21,SE/PH/2026-27/5245,AARK PHARMACEUTICALS PRIVATE LIMITED ( NEON CFA ),19/09/2026,19/09/2026,Approved,Pending,AWN025,Anawin 0.25% Inj 20ml,Vials,No,P/AMPU/26/4971,19/09/2026,19/09/2026,19/09/2026,Neon Laboratories Ltd,,,,,Yes,Outside State Purchase GST-5%,200.00,46.12,9224.00,0.00,60.15,Yes,0.00,0.00,0.00,461.20,9685.20
22,SE/PH/2026-27/5245,AARK PHARMACEUTICALS PRIVATE LIMITED ( NEON CFA ),19/09/2026,19/09/2026,Approved,Pending,ROC050,Rocunium 50mg/5ml Inj,Vial,No,P/AMPU/26/4971,19/09/2026,19/09/2026,19/09/2026,Neon Laboratories Ltd,,,,,Yes,Outside State Purchase GST-5%,100.00,90.00,9000.00,0.00,1010.00,Yes,0.00,0.00,0.00,450.00,9450.00
23,SE/PH/2026-27/5245,AARK PHARMACEUTICALS PRIVATE LIMITED ( NEON CFA ),19/09/2026,19/09/2026,Approved,Pending,ANW020,Anawin 0.5% Injection 20ml,Vial,No,P/AMPU/26/4971,19/09/2026,19/09/2026,19/09/2026,Neon Laboratories Ltd,,,,,Yes,Outside State Purchase GST-5%,240.00,35.56,8534.40,0.00,93.90,Yes,0.00,0.00,0.00,426.72,8961.12
24,SE/PH/2026-27/5245,AARK PHARMACEUTICALS PRIVATE LIMITED ( NEON CFA ),19/09/2026,19/09/2026,Approved,Pending,BPRP10,Bupregesic 10mg (10mcg/hr) transdermal Patch,Patches,No,P/AMPU/26/4971,19/09/2026,19/09/2026,19/09/2026,Neon Laboratories Ltd,,,,,Yes,Outside State Purchase GST-5%,20.00,410.00,8200.00,0.00,1499.00,Yes,0.00,0.00,0.00,410.00,8610.00
25,SE/PH/2026-27/5245,AARK PHARMACEUTICALS PRIVATE LIMITED ( NEON CFA ),19/09/2026,19/09/2026,Approved,Pending,EVT005,Evatocin 5IU/ml Inj,Ampoule,No,P/AMPU/26/4971,19/09/2026,19/09/2026,19/09/2026,Neon Laboratories Ltd,,,,,Yes,Outside State Purchase GST-5%,800.00,9.70,7760.00,0.00,18.90,Yes,0.00,0.00,0.00,388.00,8148.00
26,SE/PH/2026-27/5245,AARK PHARMACEUTICALS PRIVATE LIMITED ( NEON CFA ),19/09/2026,19/09/2026,Approved,Pending,COS020,Cafneon OS 20mg/ml Oral Solution,Bottle,No,P/AMPU/26/4971,19/09/2026,19/09/2026,19/09/2026,Neon Laboratories Ltd,,,,,Yes,Outside State Purchase GST-5%,60.00,98.00,5880.00,0.00,262.20,Yes,0.00,0.00,0.00,294.00,6174.00
27,SE/PH/2026-27/5246,AARK PHARMACEUTICALS PRIVATE LIMITED ( NEON CFA ),19/09/2026,19/09/2026,Approved,Pending,LOX2%,Lox 2% Inj 30ml,Nos,No,P/AMPU/26/4972,19/09/2026,19/09/2026,19/09/2026,Neon Laboratories Ltd,,,,,Yes,Outside State Purchase GST-5%,300.00,18.89,5667.00,0.00,33.30,Yes,0.00,0.00,0.00,283.35,5950.35
28,SE/PH/2026-27/5246,AARK PHARMACEUTICALS PRIVATE LIMITED ( NEON CFA ),19/09/2026,19/09/2026,Approved,Pending,NRF010,Neorof 10mg/ml 10ml Inj,(1.00 x Vial),No,P/AMPU/26/4972,19/09/2026,19/09/2026,19/09/2026,Neon Laboratories Ltd,,,,,Yes,Outside State Purchase GST-5%,200.00,26.67,5334.00,0.00,69.10,Yes,0.00,0.00,0.00,266.70,5600.70
29,SE/PH/2026-27/5246,AARK PHARMACEUTICALS PRIVATE LIMITED ( NEON CFA ),19/09/2026,19/09/2026,Approved,Pending,LCD02,Loxicard 2% 50ml Inj,(1.00 x Vial),No,P/AMPU/26/4972,19/09/2026,19/09/2026,19/09/2026,Neon Laboratories Ltd,,,,,Yes,Outside State Purchase GST-5%,120.00,43.18,5181.60,0.00,55.48,Yes,0.00,0.00,0.00,259.08,5440.68
30,SE/PH/2026-27/5246,AARK PHARMACEUTICALS PRIVATE LIMITED ( NEON CFA ),19/09/2026,19/09/2026,Approved,Pending,ANW004,Anawin 0.5 % Heavy 4ml Inj,Vials,No,P/AMPU/26/4972,19/09/2026,19/09/2026,19/09/2026,Neon Laboratories Ltd,,,,,No,Outside State Purchase GST-5%,240.00,21.11,5066.40,0.00,31.47,Yes,0.00,0.00,0.00,253.32,5319.72
31,SE/PH/2026-27/5246,AARK PHARMACEUTICALS PRIVATE LIMITED ( NEON CFA ),19/09/2026,19/09/2026,Approved,Pending,LOX002,Lox 2% With Adrenaline Inj,Vial,No,P/AMPU/26/4972,19/09/2026,19/09/2026,19/09/2026,Neon Laboratories Ltd,,,,,Yes,Outside State Purchase GST-5%,240.00,21.11,5066.40,0.00,33.60,Yes,0.00,0.00,0.00,253.32,5319.72
32,SE/PH/2026-27/5246,AARK PHARMACEUTICALS PRIVATE LIMITED ( NEON CFA ),19/09/2026,19/09/2026,Approved,Pending,PRI30,Prilox 30gm cream,Tube,No,P/AMPU/26/4972,19/09/2026,19/09/2026,19/09/2026,Neon Laboratories Ltd,,,,,Yes,Outside State Purchase GST-5%,20.00,250.00,5000.00,0.00,943.50,Yes,0.00,0.00,0.00,250.00,5250.00
33,SE/PH/2026-27/5246,AARK PHARMACEUTICALS PRIVATE LIMITED ( NEON CFA ),19/09/2026,19/09/2026,Approved,Pending,PPl010,Phenpres LS 10ml (50mcg/ml) Inj,Nos,No,P/AMPU/26/4972,19/09/2026,19/09/2026,19/09/2026,Neon Laboratories Ltd,,,,,Yes,Outside State Purchase GST-5%,50.00,87.64,4382.00,0.00,132.40,Yes,0.00,0.00,0.00,219.10,4601.10
34,SE/PH/2026-27/5246,AARK PHARMACEUTICALS PRIVATE LIMITED ( NEON CFA ),19/09/2026,19/09/2026,Approved,Pending,CAF020,Cafneon 20mg/ml inj,Vials,No,P/AMPU/26/4972,19/09/2026,19/09/2026,19/09/2026,Neon Laboratories Ltd,,,,,Yes,Outside State Purchase GST-5%,40.00,98.00,3920.00,0.00,269.15,Yes,0.00,0.00,0.00,196.00,4116.00
35,SE/PH/2026-27/5246,AARK PHARMACEUTICALS PRIVATE LIMITED ( NEON CFA ),19/09/2026,19/09/2026,Approved,Pending,MCY600,Mucyst 600mg Tab,Tablet,No,P/AMPU/26/4972,19/09/2026,19/09/2026,19/09/2026,Neon Laboratories Ltd,,,,,Yes,Outside State Purchase GST-5%,500.00,7.78,3889.00,0.00,31.87,Yes,0.00,0.00,0.00,194.45,4083.45
36,SE/PH/2026-27/5246,AARK PHARMACEUTICALS PRIVATE LIMITED ( NEON CFA ),19/09/2026,19/09/2026,Approved,Pending,PDT500,Prestero Depot 500mg/2ml Inj,Ampoule,No,P/AMPU/26/4972,19/09/2026,19/09/2026,19/09/2026,Neon Laboratories Ltd,,,,,No,Outside State Purchase GST-5%,40.00,85.00,3400.00,0.00,342.00,Yes,0.00,0.00,0.00,170.00,3570.00
37,SE/PH/2026-27/5247,AARK PHARMACEUTICALS PRIVATE LIMITED ( NEON CFA ),19/09/2026,19/09/2026,Approved,Pending,ATR500,Aztrone 500mg Inj,Vials,No,P/AMPU/26/4973,19/09/2026,19/09/2026,19/09/2026,Neon Laboratories Ltd,,,,,Yes,Outside State Purchase GST-5%,20.00,139.20,2784.00,0.00,622.00,Yes,0.00,0.00,0.00,139.20,2923.20
38,SE/PH/2026-27/5247,AARK PHARMACEUTICALS PRIVATE LIMITED ( NEON CFA ),19/09/2026,19/09/2026,Approved,Pending,LOX10,Lox 10% Spray 20ml,Bottle,No,P/AMPU/26/4973,19/09/2026,19/09/2026,19/09/2026,Neon Laboratories Ltd,,,,,Yes,Outside State Purchase GST-5%,10.00,264.53,2645.30,0.00,378.30,Yes,0.00,0.00,0.00,132.27,2777.57
39,SE/PH/2026-27/5247,AARK PHARMACEUTICALS PRIVATE LIMITED ( NEON CFA ),19/09/2026,19/09/2026,Approved,Pending,NVC004,Neovec 4mg Inj,Ampoule,No,P/AMPU/26/4973,19/09/2026,19/09/2026,19/09/2026,Neon Laboratories Ltd,,,,,Yes,Outside State Purchase GST-5%,100.00,22.22,2222.00,0.00,79.34,Yes,0.00,0.00,0.00,111.10,2333.10
40,SE/PH/2026-27/5247,AARK PHARMACEUTICALS PRIVATE LIMITED ( NEON CFA ),19/09/2026,19/09/2026,Approved,Pending,JSN100,Justin 100mg Suppository,Needle,No,P/AMPU/26/4973,19/09/2026,19/09/2026,19/09/2026,Neon Laboratories Ltd,,,,,Yes,Outside State Purchase GST-5%,150.00,13.56,2033.40,0.00,18.74,Yes,0.00,0.00,0.00,101.67,2135.07
41,SE/PH/2026-27/5247,AARK PHARMACEUTICALS PRIVATE LIMITED ( NEON CFA ),19/09/2026,19/09/2026,Approved,Pending,SPDL01,Supridol 1ml Inj,Ampoule,No,P/AMPU/26/4973,19/09/2026,19/09/2026,19/09/2026,Neon Laboratories Ltd,,,,,Yes,Outside State Purchase GST-5%,500.00,3.84,1920.00,0.00,12.56,Yes,0.00,0.00,0.00,96.00,2016.00
42,SE/PH/2026-27/5247,AARK PHARMACEUTICALS PRIVATE LIMITED ( NEON CFA ),19/09/2026,19/09/2026,Approved,Pending,IVC100,Ivcros 100mg Injection,Vial,No,P/AMPU/26/4973,19/09/2026,19/09/2026,19/09/2026,Neon Laboratories Ltd,,,,,Yes,Outside State Purchase GST-5%,25.00,52.80,1320.00,0.00,301.23,Yes,0.00,0.00,0.00,66.00,1386.00
43,SE/PH/2026-27/5247,AARK PHARMACEUTICALS PRIVATE LIMITED ( NEON CFA ),19/09/2026,19/09/2026,Approved,Pending,THL500,Thiosol 500mg Inj,Vial,No,P/AMPU/26/4973,19/09/2026,19/09/2026,19/09/2026,Neon Laboratories Ltd,,,,,Yes,Outside State Purchase GST-5%,25.00,38.27,956.75,0.00,48.77,Yes,0.00,0.00,0.00,47.84,1004.59
44,SE/PH/2026-27/5247,AARK PHARMACEUTICALS PRIVATE LIMITED ( NEON CFA ),19/09/2026,19/09/2026,Approved,Pending,MYN005,Myostigmin 0.5mg/1ml Inj,Ampoule,No,P/AMPU/26/4973,19/09/2026,19/09/2026,19/09/2026,Neon Laboratories Ltd,,,,,Yes,Outside State Purchase GST-5%,50.00,4.18,209.00,0.00,5.33,Yes,0.00,0.00,0.00,10.45,219.45
45,SE/PH/2026-27/5248,Arinna Lifesciences Ltd,19/09/2026,19/09/2026,Approved,Pending,DOD050,Desrina 50mg Tab,Tablet,No,P/AMPU/26/4976,19/09/2026,19/09/2026,19/09/2026,ARINNA LIFESCIENCES LIMITED,,,,,Yes,Outside State Purchase GST-5%,500.00,7.60,3799.50,0.00,18.27,Yes,0.00,0.00,0.00,189.98,3989.48
46,SE/PH/2026-27/5248,Arinna Lifesciences Ltd,19/09/2026,19/09/2026,Approved,Pending,CLZA50,Clozabest 50mg Tab,Tablet,No,P/AMPU/26/4976,19/09/2026,19/09/2026,19/09/2026,ARINNA LIFESCIENCES LIMITED,,,,,Yes,Outside State Purchase GST-5%,1000.00,2.22,2217.00,0.00,5.58,Yes,0.00,0.00,0.00,110.85,2327.85
47,SE/PH/2026-27/5248,Arinna Lifesciences Ltd,19/09/2026,19/09/2026,Approved,Pending,PAR020,Parkinta 2mg DT  tab,Tablet,No,P/AMPU/26/4976,19/09/2026,19/09/2026,19/09/2026,ARINNA LIFESCIENCES LIMITED,,,,,Yes,Outside State Purchase GST-5%,2000.00,0.55,1104.00,0.00,1.45,Yes,0.00,0.00,0.00,55.20,1159.20
48,SE/PH/2026-27/5248,Arinna Lifesciences Ltd,19/09/2026,19/09/2026,Approved,Pending,LORN010,Loranza 1mg tab,Tablet,No,P/AMPU/26/4976,19/09/2026,19/09/2026,19/09/2026,ARINNA LIFESCIENCES LIMITED,,,,,Yes,Outside State Purchase GST-5%,1000.00,0.69,687.00,0.00,2.47,Yes,0.00,0.00,0.00,34.35,721.35
49,SE/PH/2026-27/5249,Bansal Medical Hall (Macleods CFA),19/09/2026,19/09/2026,Approved,Pending,VAL500,Valamac 500mg tab,Tablet,No,P/AMPU/26/4977,19/09/2026,19/09/2026,19/09/2026,Macleods Pharmaceuticals Limited,,,,,No,Outside State Purchase GST-5%,1500.00,22.56,33844.20,0.00,42.09,Yes,0.00,0.00,0.00,1692.21,35536.41
50,SE/PH/2026-27/5249,Bansal Medical Hall (Macleods CFA),19/09/2026,19/09/2026,Approved,Pending,THX075,Thyrox 75mcg Tab (120's),Bottle,No,P/AMPU/26/4977,19/09/2026,19/09/2026,19/09/2026,Macleods Pharmaceuticals Limited,,,,,Yes,Outside State Purchase GST-5%,50.00,88.50,4425.00,0.00,183.97,Yes,0.00,0.00,0.00,221.25,4646.25
51,SE/PH/2026-27/5249,Bansal Medical Hall (Macleods CFA),19/09/2026,19/09/2026,Approved,Pending,THX025,Thyrox 25mcg Tab (120's),Bottle,No,P/AMPU/26/4977,19/09/2026,19/09/2026,19/09/2026,Macleods Pharmaceuticals Limited,,,,,Yes,Outside State Purchase GST-5%,75.00,34.35,2576.25,0.00,185.40,Yes,0.00,0.00,0.00,128.81,2705.06
52,SE/PH/2026-27/5249,Bansal Medical Hall (Macleods CFA),19/09/2026,19/09/2026,Approved,Pending,THY120,Thyrox 100mcg Tab (120's),Bottle,No,P/AMPU/26/4977,19/09/2026,19/09/2026,19/09/2026,Macleods Pharmaceuticals Limited,,,,,No,Outside State Purchase GST-5%,50.00,40.69,2034.50,0.00,168.83,Yes,0.00,0.00,0.00,101.73,2136.23
53,SE/PH/2026-27/5249,Bansal Medical Hall (Macleods CFA),19/09/2026,19/09/2026,Approved,Pending,ETZ025,Etizola 0.25mg Tab,Tablet,No,P/AMPU/26/4977,19/09/2026,19/09/2026,19/09/2026,Macleods Pharmaceuticals Limited,,,,,Yes,Outside State Purchase GST-5%,600.00,2.72,1634.58,0.00,5.09,Yes,0.00,0.00,0.00,81.73,1716.31
54,SE/PH/2026-27/5249,Bansal Medical Hall (Macleods CFA),19/09/2026,19/09/2026,Approved,Pending,OMN155,Omnacortil Forte Syrup,Bottle,No,P/AMPU/26/4977,19/09/2026,19/09/2026,19/09/2026,Macleods Pharmaceuticals Limited,,,,,Yes,Outside State Purchase GST-5%,40.00,37.58,1503.20,0.00,54.80,Yes,0.00,0.00,0.00,75.16,1578.36
55,SE/PH/2026-27/5249,Bansal Medical Hall (Macleods CFA),19/09/2026,19/09/2026,Approved,Pending,MGL10,Megalis 10mg Tab,Tablet,No,P/AMPU/26/4977,19/09/2026,19/09/2026,19/09/2026,Macleods Pharmaceuticals Limited,,,,,No,Outside State Purchase GST-5%,60.00,8.25,495.00,0.00,53.23,Yes,0.00,0.00,0.00,24.75,519.75
56,SE/PH/2026-27/5249,Bansal Medical Hall (Macleods CFA),19/09/2026,19/09/2026,Approved,Pending,AMT255,Amlovas AT 25 Tab,Tablet,No,P/AMPU/26/4977,19/09/2026,19/09/2026,19/09/2026,Macleods Pharmaceuticals Limited,,,,,Yes,Outside State Purchase GST-5%,30.00,3.56,106.78,0.00,6.65,Yes,0.00,0.00,0.00,5.34,112.12
57,SE/PH/2026-27/5250,Bansal Medical Hall (Macleods CFA),19/09/2026,19/09/2026,Approved,Pending,DCT006,Defcort 6mg Tab,Tablet,No,P/AMPU/26/4978,19/09/2026,19/09/2026,19/09/2026,Macleods Pharmaceuticals Limited,,,,,No,Outside State Purchase GST-5%,1000.00,8.27,8273.50,0.00,15.47,Yes,0.00,0.00,0.00,413.68,8687.18
58,SE/PH/2026-27/5250,Bansal Medical Hall (Macleods CFA),19/09/2026,19/09/2026,Approved,Pending,MCFL200,Macralfate Suspension 200ml (Sugar free),Bottle,No,P/AMPU/26/4978,19/09/2026,19/09/2026,19/09/2026,Macleods Pharmaceuticals Limited,,,,,Yes,Outside State Purchase GST-5%,96.00,80.30,7708.80,0.00,165.94,Yes,0.00,0.00,0.00,385.44,8094.24
59,SE/PH/2026-27/5250,Bansal Medical Hall (Macleods CFA),19/09/2026,19/09/2026,Approved,Pending,NZM001,Nazomac-AF spray,Bottle,No,P/AMPU/26/4978,19/09/2026,19/09/2026,19/09/2026,Macleods Pharmaceuticals Limited,,,,,Yes,Outside State Purchase GST-5%,30.00,163.00,4890.00,0.00,373.31,Yes,0.00,0.00,0.00,244.50,5134.50
60,SE/PH/2026-27/5250,Bansal Medical Hall (Macleods CFA),19/09/2026,19/09/2026,Approved,Pending,CLND300,Clindasure 300mg Cap,Capsules,No,P/AMPU/26/4978,19/09/2026,19/09/2026,19/09/2026,Macleods Pharmaceuticals Limited,,,,,Yes,Outside State Purchase GST-5%,300.00,15.15,4545.00,0.00,30.30,Yes,0.00,0.00,0.00,227.25,4772.25
61,SE/PH/2026-27/5250,Bansal Medical Hall (Macleods CFA),19/09/2026,19/09/2026,Approved,Pending,AMKC100,Amikamac 100mg Inj,Vial,No,P/AMPU/26/4978,19/09/2026,19/09/2026,19/09/2026,Macleods Pharmaceuticals Limited,,,,,No,Outside State Purchase GST-5%,240.00,9.00,2160.00,0.00,37.60,Yes,0.00,0.00,0.00,108.00,2268.00
62,SE/PH/2026-27/5250,Bansal Medical Hall (Macleods CFA),19/09/2026,19/09/2026,Approved,Pending,OMC020,Omnacortil 20mg Tab,Tablet,No,P/AMPU/26/4978,19/09/2026,19/09/2026,19/09/2026,Macleods Pharmaceuticals Limited,,,,,Yes,Outside State Purchase GST-5%,1000.00,1.88,1885.00,0.00,2.56,Yes,0.00,0.00,0.00,94.25,1979.25
63,SE/PH/2026-27/5250,Bansal Medical Hall (Macleods CFA),19/09/2026,19/09/2026,Approved,Pending,OTL040,Omnacortil 40mg Tab,(1.00 x Tablet),No,P/AMPU/26/4978,19/09/2026,19/09/2026,19/09/2026,Macleods Pharmaceuticals Limited,,,,,Yes,Outside State Purchase GST-5%,600.00,2.68,1606.80,0.00,3.64,Yes,0.00,0.00,0.00,80.34,1687.14
64,SE/PH/2026-27/5250,Bansal Medical Hall (Macleods CFA),19/09/2026,19/09/2026,Approved,Pending,OMC010,Omnacortil 10mg Tab,Tablet,No,P/AMPU/26/4978,19/09/2026,19/09/2026,19/09/2026,"Macleods Pharmaceuticals Pvt Ltd,",,,,,No,Outside State Purchase GST-5%,1500.00,0.94,1413.00,0.00,1.28,Yes,0.00,0.00,0.00,70.65,1483.65
65,SE/PH/2026-27/5250,Bansal Medical Hall (Macleods CFA),19/09/2026,19/09/2026,Approved,Pending,LIZ0100,Lizomac DS Syrup 30ml,Bottle,No,P/AMPU/26/4978,19/09/2026,19/09/2026,19/09/2026,Macleods Pharmaceuticals Limited,,,,,Yes,Outside State Purchase GST-5%,15.00,84.74,1271.09,0.00,158.43,Yes,0.00,0.00,0.00,63.55,1334.64
66,SE/PH/2026-27/5250,Bansal Medical Hall (Macleods CFA),19/09/2026,19/09/2026,Approved,Pending,ONDM030,Ondamac 2mg/5ml Solution 30ml,Bottle,No,P/AMPU/26/4978,19/09/2026,19/09/2026,19/09/2026,Macleods Pharmaceuticals Limited,,,,,Yes,Outside State Purchase GST-5%,48.00,25.11,1205.13,0.00,40.23,Yes,0.00,0.00,0.00,60.26,1265.39
67,SE/PH/2026-27/5250,Bansal Medical Hall (Macleods CFA),19/09/2026,19/09/2026,Approved,Pending,OMN,Omnacortil-5 mg Tab,Tablet,No,P/AMPU/26/4978,19/09/2026,19/09/2026,19/09/2026,Macleods Pharmaceuticals Limited,,,,,Yes,Outside State Purchase GST-5%,1500.00,0.53,799.50,0.00,0.72,Yes,0.00,0.00,0.00,39.98,839.48
68,SE/PH/2026-27/5250,Bansal Medical Hall (Macleods CFA),19/09/2026,19/09/2026,Approved,Pending,OMNA025,Omnacortil 2.5mg Tab,Tablet,No,P/AMPU/26/4978,19/09/2026,19/09/2026,19/09/2026,"Macleods Pharmaceuticals Pvt Ltd,",,,,,No,Outside State Purchase GST-5%,200.00,0.78,156.20,0.00,1.14,Yes,0.00,0.00,0.00,7.81,164.01
69,SE/PH/2026-27/5251,Dr. Reddy's Laboratories Limited(CFA Delhi),19/09/2026,19/09/2026,Approved,Pending,AZC0100,Azacytin 100mg Inj,Vial,No,P/AMPU/26/4980,19/09/2026,19/09/2026,19/09/2026,"Dr.Reddys Laboratories Limited,",,,,,No,Outside State Purchase GST-5%,50.00,800.00,40000.00,0.00,5761.17,Yes,0.00,0.00,0.00,2000.00,42000.00
70,SE/PH/2026-27/5252,Emcure Pharmaceuticals Ltd,19/09/2026,19/09/2026,Approved,Pending,GRS100,Gros 100mg Inj,Vial,No,P/AMPU/26/4981,19/09/2026,19/09/2026,19/09/2026,EMCURE PHARMACEUTICALS LIMITED,,,,,No,Inside State Purchase GST-5%,40.00,209.00,8360.00,0.00,3835.79,Yes,0.00,0.00,0.00,418.00,8778.00
71,SE/PH/2026-27/5253,Emcure Pharmaceuticals Ltd,19/09/2026,19/09/2026,Approved,Pending,GROS30,Gros 30mg Inj,Vial,No,P/AMPU/26/4982,19/09/2026,19/09/2026,19/09/2026,"Emcure Pharmaceuticals Ltd,",,,,,No,Inside State Purchase GST-5%,50.00,90.00,4500.00,0.00,1150.61,Yes,0.00,0.00,0.00,225.00,4725.00
72,SE/PH/2026-27/5254,ERIS HEALTHCARE PRIVATE LIMITED,19/09/2026,19/09/2026,Approved,Pending,BSL100,Basalog One 100IU/ml Pen,Pack-B,No,P/AMPU/26/4983,19/09/2026,19/09/2026,19/09/2026,Biocon Biologics Limited,,,,,No,Outside State Purchase GST-5%,72.00,430.00,30960.00,0.00,711.16,Yes,0.00,0.00,0.00,1548.00,32508.00
73,SE/PH/2026-27/5255,Galderma CFA (Essen Medicare LLP),19/09/2026,19/09/2026,Approved,Pending,BIL015,Biluma Cream 15gm,Tube,No,P/AMPU/26/4984,19/09/2026,19/09/2026,19/09/2026,Galderma India Pvt Ltd,,,,,Yes,Outside State Purchase GST-18%,30.00,450.92,13527.54,0.00,739.00,Yes,0.00,0.00,0.00,2434.96,15962.50
74,SE/PH/2026-27/5255,Galderma CFA (Essen Medicare LLP),19/09/2026,19/09/2026,Approved,Pending,LOC5555,Loceryl Nail Lacquer 2.5ml,Bottle,No,P/AMPU/26/4984,19/09/2026,19/09/2026,19/09/2026,Galderma India Pvt Ltd,,,,,Yes,Outside State Purchase GST-5%,10.00,555.43,5554.26,0.00,810.00,Yes,0.00,0.00,0.00,277.71,5831.97
75,SE/PH/2026-27/5256,Gland Pharma Ltd (Delhi),19/09/2026,19/09/2026,Approved,Pending,DTP025,Daltehep-G 2500IU Inj,Syringe,No,P/AMPU/26/4986,19/09/2026,19/09/2026,19/09/2026,Gland Pharma Limited,,,,,Yes,Outside State Purchase GST-5%,180.00,219.50,39510.00,0.00,632.00,Yes,0.00,0.00,0.00,1975.50,41485.50
76,SE/PH/2026-27/5257,GLAXO SMITH KLINE PHARMACEUTICALS LIMITED,19/09/2026,19/09/2026,Approved,Pending,CCM40,CCM Tab (40's),Bottle,No,P/AMPU/26/4987,19/09/2026,19/09/2026,19/09/2026,Glaxosmithkline Pharmaceuticals Ltd,,,,,No,Inside State Purchase GST-5%,120.00,280.64,33676.56,0.00,561.56,Yes,0.00,0.00,0.00,1683.83,35360.39
77,SE/PH/2026-27/5257,GLAXO SMITH KLINE PHARMACEUTICALS LIMITED,19/09/2026,19/09/2026,Approved,Pending,SPF015,Supacef 1.5gm Inj,Vial,No,P/AMPU/26/4987,19/09/2026,19/09/2026,19/09/2026,Glaxo India Limited,,,,,No,Inside State Purchase GST-5%,150.00,198.76,29814.00,0.00,361.87,Yes,0.00,0.00,0.00,1490.70,31304.70
78,SE/PH/2026-27/5257,GLAXO SMITH KLINE PHARMACEUTICALS LIMITED,19/09/2026,19/09/2026,Approved,Pending,AMN001,Augmentin 1000mg Tab,(1.00 x Tablet),No,P/AMPU/26/4987,19/09/2026,19/09/2026,19/09/2026,Glaxosmithkline Pharmaceuticals Ltd,,,,,Yes,Inside State Purchase GST-5%,400.00,36.14,14457.52,0.00,66.14,Yes,0.00,0.00,0.00,722.88,15180.40
79,SE/PH/2026-27/5257,GLAXO SMITH KLINE PHARMACEUTICALS LIMITED,19/09/2026,19/09/2026,Approved,Pending,CFT500,Ceftum 500mg Tab,Captab,No,P/AMPU/26/4987,19/09/2026,19/09/2026,19/09/2026,Glaxosmithkline Pharmaceuticals Ltd,,,,,No,Inside State Purchase GST-5%,400.00,34.16,13665.60,0.00,55.30,Yes,0.00,0.00,0.00,683.28,14348.88
80,SE/PH/2026-27/5257,GLAXO SMITH KLINE PHARMACEUTICALS LIMITED,19/09/2026,19/09/2026,Approved,Pending,AUG625,Augmentin 625 mg Tab,Tablet,No,P/AMPU/26/4987,19/09/2026,19/09/2026,19/09/2026,Glaxosmithkline Pharmaceuticals Ltd,,,,,No,Inside State Purchase GST-5%,1000.00,13.08,13080.00,0.00,19.66,Yes,0.00,0.00,0.00,654.00,13734.00
81,SE/PH/2026-27/5257,GLAXO SMITH KLINE PHARMACEUTICALS LIMITED,19/09/2026,19/09/2026,Approved,Pending,NSPN30,Neosporin Skin Ointment 30gm,Tube,No,P/AMPU/26/4987,19/09/2026,19/09/2026,19/09/2026,Glaxosmithkline Pharmaceuticals Ltd,,,,,No,Inside State Purchase GST-5%,80.00,122.48,9798.40,0.00,218.25,Yes,0.00,0.00,0.00,489.92,10288.32
82,SE/PH/2026-27/5257,GLAXO SMITH KLINE PHARMACEUTICALS LIMITED,19/09/2026,19/09/2026,Approved,Pending,TBT15,T-bact Ointment 15gm,Nos,No,P/AMPU/26/4987,19/09/2026,19/09/2026,19/09/2026,Glaxosmithkline Pharmaceuticals Ltd,,,,,No,Inside State Purchase GST-5%,40.00,201.89,8075.52,0.00,327.13,Yes,0.00,0.00,0.00,403.78,8479.30
83,SE/PH/2026-27/5257,GLAXO SMITH KLINE PHARMACEUTICALS LIMITED,19/09/2026,19/09/2026,Approved,Pending,CBDXCZS,Cobadex Czs Tablet,Tablet,No,P/AMPU/26/4987,19/09/2026,19/09/2026,19/09/2026,Glaxosmithkline Pharmaceuticals Ltd,,,,,Yes,Inside State Purchase GST-5%,1200.00,4.70,5634.48,0.00,7.76,Yes,0.00,0.00,0.00,281.72,5916.20
84,SE/PH/2026-27/5257,GLAXO SMITH KLINE PHARMACEUTICALS LIMITED,19/09/2026,19/09/2026,Approved,Pending,CPL650,Calpol 650+ Tab,(1.00 x Tablet),No,P/AMPU/26/4987,19/09/2026,19/09/2026,19/09/2026,Glaxosmithkline Pharmaceuticals Ltd,,,,,Yes,Inside State Purchase GST-5%,4500.00,1.25,5637.15,0.00,2.15,Yes,0.00,0.00,0.00,281.86,5919.01
85,SE/PH/2026-27/5257,GLAXO SMITH KLINE PHARMACEUTICALS LIMITED,19/09/2026,19/09/2026,Approved,Pending,NSP005,Neosporin Powder,Bottle,No,P/AMPU/26/4987,19/09/2026,19/09/2026,19/09/2026,Glaxosmithkline Pharmaceuticals Ltd,,,,,No,Inside State Purchase GST-5%,100.00,54.70,5470.00,0.00,107.15,Yes,0.00,0.00,0.00,273.50,5743.50
86,SE/PH/2026-27/5258,GLAXO SMITH KLINE PHARMACEUTICALS LIMITED,19/09/2026,19/09/2026,Approved,Pending,TBT10,T-bact Cream 10gm,Nos,No,P/AMPU/26/4988,19/09/2026,19/09/2026,19/09/2026,Glaxosmithkline Pharmaceuticals Ltd,,,,,Yes,Inside State Purchase GST-5%,40.00,134.60,5383.80,0.00,218.09,Yes,0.00,0.00,0.00,269.19,5652.99
87,SE/PH/2026-27/5258,GLAXO SMITH KLINE PHARMACEUTICALS LIMITED,19/09/2026,19/09/2026,Approved,Pending,NEO10,Neosporin Antibiotic Ointment 10 gm,Tube,No,P/AMPU/26/4988,19/09/2026,19/09/2026,19/09/2026,Glaxosmithkline Pharmaceuticals Ltd,,,,,Yes,Inside State Purchase GST-5%,40.00,73.10,2924.00,0.00,131.60,Yes,0.00,0.00,0.00,146.20,3070.20
88,SE/PH/2026-27/5258,GLAXO SMITH KLINE PHARMACEUTICALS LIMITED,19/09/2026,19/09/2026,Approved,Pending,AVA0275,Avamys Nasal Spray,Canister,No,P/AMPU/26/4988,19/09/2026,19/09/2026,19/09/2026,Glaxosmithkline Pharmaceuticals Ltd,,,,,Yes,Inside State Purchase GST-5%,5.00,271.71,1358.55,0.00,458.77,Yes,0.00,0.00,0.00,67.93,1426.48
89,SE/PH/2026-27/5258,GLAXO SMITH KLINE PHARMACEUTICALS LIMITED,19/09/2026,19/09/2026,Approved,Pending,EMS005,Eumosone-M Cream 15gm,Tube,No,P/AMPU/26/4988,19/09/2026,19/09/2026,19/09/2026,Glaxosmithkline Pharmaceuticals Ltd,,,,,Yes,Inside State Purchase GST-5%,10.00,86.50,865.00,0.00,138.70,Yes,0.00,0.00,0.00,43.25,908.25
90,SE/PH/2026-27/5259,GLS  Pharma Ltd,19/09/2026,19/09/2026,Approved,Pending,DCMX4040,Decmax 4mg Tab (OSS),Tablet,No,P/AMPU/26/4989,19/09/2026,19/09/2026,19/09/2026,Getwell Life Sciences [India] pvt.Ltd,,,,,Yes,Outside State Purchase GST-5%,600.00,2.50,1500.00,0.00,4.88,Yes,0.00,0.00,0.00,75.00,1575.00
91,SE/PH/2026-27/5260,GLS  Pharma Ltd,19/09/2026,19/09/2026,Approved,Pending,ARS01,Arsenam 1mg/ml inj 10ml,Vial,No,P/AMPU/26/4990,19/09/2026,19/09/2026,19/09/2026,GLS pharma Limited,,,,,Yes,Outside State Purchase GST-5%,20.00,180.00,3600.00,0.00,325.00,Yes,0.00,0.00,0.00,180.00,3780.00
92,SE/PH/2026-27/5261,Intas Pharmaceuticals Limited,19/09/2026,19/09/2026,Approved,Pending,TFC750,Terifrac 750mcg 3ml Catridge,Cartridge,No,P/AMPU/26/4991,19/09/2026,19/09/2026,19/09/2026,INTAS PHARMACEUTICAL,,,,,No,Outside State Purchase GST-5%,10.00,1700.00,17000.00,0.00,5671.88,Yes,0.00,0.00,0.00,850.00,17850.00
93,SE/PH/2026-27/5261,Intas Pharmaceuticals Limited,19/09/2026,19/09/2026,Approved,Pending,LOOZ240,Looz 240ml Syrup,Bottle,No,P/AMPU/26/4991,19/09/2026,19/09/2026,19/09/2026,INTAS PHARMACEUTICAL,,,,,Yes,Outside State Purchase GST-5%,100.00,149.33,14933.00,0.00,315.00,Yes,0.00,0.00,0.00,746.65,15679.65
94,SE/PH/2026-27/5261,Intas Pharmaceuticals Limited,19/09/2026,19/09/2026,Approved,Pending,OLB060,Olimab 60mg/ml Inj (PFS),Syringe,No,P/AMPU/26/4991,19/09/2026,19/09/2026,19/09/2026,INTAS PHARMACEUTICAL,,,,,No,Outside State Purchase GST-5%,2.00,4300.00,8600.00,0.00,14053.13,Yes,0.00,0.00,0.00,430.00,9030.00
95,SE/PH/2026-27/5261,Intas Pharmaceuticals Limited,19/09/2026,19/09/2026,Approved,Pending,PRUW1,Pruwel 1mg Tab,Tablet,No,P/AMPU/26/4991,19/09/2026,19/09/2026,19/09/2026,INTAS PHARMACEUTICAL,,,,,Yes,Outside State Purchase GST-5%,600.00,8.14,4885.20,0.00,23.91,Yes,0.00,0.00,0.00,244.26,5129.46
96,SE/PH/2026-27/5261,Intas Pharmaceuticals Limited,19/09/2026,19/09/2026,Approved,Pending,RLN001,Relgin 1mg Tab,Tablet,No,P/AMPU/26/4991,19/09/2026,19/09/2026,19/09/2026,INTAS PHARMACEUTICAL,,,,,Yes,Outside State Purchase GST-5%,500.00,9.60,4800.00,0.00,20.81,Yes,0.00,0.00,0.00,240.00,5040.00
97,SE/PH/2026-27/5261,Intas Pharmaceuticals Limited,19/09/2026,19/09/2026,Approved,Pending,CLB120,Cloba 2.5mg/ml Suspension 120ml,Bottle,No,P/AMPU/26/4991,19/09/2026,19/09/2026,19/09/2026,INTAS PHARMACEUTICAL,,,,,Yes,Outside State Purchase GST-5%,20.00,225.64,4512.80,0.00,422.81,Yes,0.00,0.00,0.00,225.64,4738.44
98,SE/PH/2026-27/5261,Intas Pharmaceuticals Limited,19/09/2026,19/09/2026,Approved,Pending,HIMG20,Highmag 200mg Tab (60s),Bottle,No,P/AMPU/26/4991,19/09/2026,19/09/2026,19/09/2026,INTAS PHARMACEUTICAL,,,,,No,Outside State Purchase GST-5%,48.00,69.60,3340.80,0.00,266.50,Yes,0.00,0.00,0.00,167.04,3507.84
99,SE/PH/2026-27/5261,Intas Pharmaceuticals Limited,19/09/2026,19/09/2026,Approved,Pending,GPN100,Gabapin 100mg Tab,Tablet,No,P/AMPU/26/4991,19/09/2026,19/09/2026,19/09/2026,INTAS PHARMACEUTICAL,,,,,Yes,Outside State Purchase GST-5%,1800.00,1.81,3258.00,0.00,10.25,Yes,0.00,0.00,0.00,162.90,3420.90
100,SE/PH/2026-27/5261,Intas Pharmaceuticals Limited,19/09/2026,19/09/2026,Approved,Pending,ASD100,Arasid 100mg Inj,(1.00 x Vial),No,P/AMPU/26/4991,19/09/2026,19/09/2026,19/09/2026,INTAS PHARMACEUTICAL,,,,,Yes,Outside State Purchase GST-5%,40.00,80.81,3232.40,0.00,146.56,Yes,0.00,0.00,0.00,161.62,3394.02
101,SE/PH/2026-27/5261,Intas Pharmaceuticals Limited,19/09/2026,19/09/2026,Approved,Pending,PMP04,Perampa 4mg Tab,Tablet,No,P/AMPU/26/4991,19/09/2026,19/09/2026,19/09/2026,INTAS PHARMACEUTICAL,,,,,Yes,Outside State Purchase GST-5%,300.00,7.87,2360.70,0.00,16.80,Yes,0.00,0.00,0.00,118.04,2478.74
102,SE/PH/2026-27/5262,Intas Pharmaceuticals Limited,19/09/2026,19/09/2026,Approved,Pending,LPZ004,Lopez 4mg/2ml Inj,(1.00 x Ampoule),No,P/AMPU/26/4992,19/09/2026,19/09/2026,19/09/2026,INTAS PHARMACEUTICAL,,,,,Yes,Outside State Purchase GST-5%,200.00,8.11,1622.00,0.00,17.29,Yes,0.00,0.00,0.00,81.10,1703.10
103,SE/PH/2026-27/5262,Intas Pharmaceuticals Limited,19/09/2026,19/09/2026,Approved,Pending,GYCT01,Glycolate 1mg Tab,Tablet,No,P/AMPU/26/4992,19/09/2026,19/09/2026,19/09/2026,INTAS PHARMACEUTICAL,,,,,Yes,Outside State Purchase GST-5%,300.00,3.99,1195.80,0.00,10.97,Yes,0.00,0.00,0.00,59.79,1255.59
104,SE/PH/2026-27/5262,Intas Pharmaceuticals Limited,19/09/2026,19/09/2026,Approved,Pending,MIDY0100,Mildy Shampoo 100ml,Tube,No,P/AMPU/26/4992,19/09/2026,19/09/2026,19/09/2026,INTAS PHARMACEUTICAL,,,,,No,Outside State Purchase GST-5%,10.00,74.50,745.00,0.00,200.00,Yes,0.00,0.00,0.00,37.25,782.25
105,SE/PH/2026-27/5262,Intas Pharmaceuticals Limited,19/09/2026,19/09/2026,Approved,Pending,TRMD50,Tremidon 50mg Tab,Tablet,No,P/AMPU/26/4992,19/09/2026,19/09/2026,19/09/2026,INTAS PHARMACEUTICAL,,,,,No,Outside State Purchase GST-5%,100.00,6.17,617.10,0.00,13.31,Yes,0.00,0.00,0.00,30.86,647.96
106,SE/PH/2026-27/5262,Intas Pharmaceuticals Limited,19/09/2026,19/09/2026,Approved,Pending,CEF100,Ceftas 100mg Tab,Nos,No,P/AMPU/26/4992,19/09/2026,19/09/2026,19/09/2026,INTAS PHARMACEUTICAL,,,,,Yes,Outside State Purchase GST-5%,100.00,4.44,443.60,0.00,8.16,Yes,0.00,0.00,0.00,22.18,465.78
107,SE/PH/2026-27/5263,Karun Enterprises,19/09/2026,19/09/2026,Approved,Pending,DLB375,Dolobak Tab,Tablet,No,P/AMPU/26/4993,19/09/2026,19/09/2026,19/09/2026,Micro Labs Ltd,,,,,Yes,Inside State Purchase GST-5%,3600.00,3.71,13356.00,0.00,12.65,Yes,0.00,0.00,0.00,667.80,14023.80
108,SE/PH/2026-27/5263,Karun Enterprises,19/09/2026,19/09/2026,Approved,Pending,BFXT01,Biofer XT Tab,Tablet,No,P/AMPU/26/4993,19/09/2026,19/09/2026,19/09/2026,Micro Labs Limited,,,,,Yes,Inside State Purchase GST-5%,3000.00,2.60,7800.00,0.00,13.03,Yes,0.00,0.00,0.00,390.00,8190.00
109,SE/PH/2026-27/5263,Karun Enterprises,19/09/2026,19/09/2026,Approved,Pending,VDPM10,Vildapride-M 50/1000mg Tab,Tablet,No,P/AMPU/26/4993,19/09/2026,19/09/2026,19/09/2026,Micro Labs Limited,,,,,Yes,Inside State Purchase GST-5%,1200.00,3.90,4680.00,0.00,14.00,Yes,0.00,0.00,0.00,234.00,4914.00
110,SE/PH/2026-27/5263,Karun Enterprises,19/09/2026,19/09/2026,Approved,Pending,VOX50,Voxamin 50mg Tab,Tablet,No,P/AMPU/26/4993,19/09/2026,19/09/2026,19/09/2026,Micro Labs Limited,,,,,Yes,Inside State Purchase GST-5%,800.00,5.36,4288.00,0.00,18.37,Yes,0.00,0.00,0.00,214.40,4502.40
111,SE/PH/2026-27/5263,Karun Enterprises,19/09/2026,19/09/2026,Approved,Pending,ICF08,Icufos-O 3gm Sachet,Sachet,No,P/AMPU/26/4993,19/09/2026,19/09/2026,19/09/2026,Micro Labs Limited,,,,,Yes,Inside State Purchase GST-5%,30.00,137.50,4125.00,0.00,429.30,Yes,0.00,0.00,0.00,206.25,4331.25
112,SE/PH/2026-27/5263,Karun Enterprises,19/09/2026,19/09/2026,Approved,Pending,ZPD010,Zolpid 10mg Tab,(1.00 x Tablet),No,P/AMPU/26/4993,19/09/2026,19/09/2026,19/09/2026,Micro Labs Limited,,,,,Yes,Inside State Purchase GST-5%,1500.00,2.65,3975.00,0.00,8.93,Yes,0.00,0.00,0.00,198.75,4173.75
113,SE/PH/2026-27/5263,Karun Enterprises,19/09/2026,19/09/2026,Approved,Pending,AVM025,Avomira ER 25mg Tab,Tablet,No,P/AMPU/26/4993,19/09/2026,19/09/2026,19/09/2026,Micro Labs Limited,,,,,Yes,Inside State Purchase GST-5%,500.00,7.86,3930.00,0.00,26.71,Yes,0.00,0.00,0.00,196.50,4126.50
114,SE/PH/2026-27/5263,Karun Enterprises,19/09/2026,19/09/2026,Approved,Pending,ADM20,Aziderm 20% Cream,(1.00 x Tube),No,P/AMPU/26/4993,19/09/2026,19/09/2026,19/09/2026,Micro Labs Limited,,,,,Yes,Inside State Purchase GST-5%,30.00,93.21,2796.30,0.00,347.80,Yes,0.00,0.00,0.00,139.82,2936.12
115,SE/PH/2026-27/5263,Karun Enterprises,19/09/2026,19/09/2026,Approved,Pending,DNMM80,Dianorm-M Tab,(1.00 x Tablet),No,P/AMPU/26/4993,19/09/2026,19/09/2026,19/09/2026,Micro Labs Limited,,,,,Yes,Inside State Purchase GST-5%,900.00,3.10,2790.00,0.00,15.07,Yes,0.00,0.00,0.00,139.50,2929.50
116,SE/PH/2026-27/5263,Karun Enterprises,19/09/2026,19/09/2026,Approved,Pending,ARB40,Arbitel H Tab,Tablet,No,P/AMPU/26/4993,19/09/2026,19/09/2026,19/09/2026,Micro Labs Ltd,,,,,Yes,Inside State Purchase GST-5%,1000.00,2.68,2680.00,0.00,14.15,Yes,0.00,0.00,0.00,134.00,2814.00
117,SE/PH/2026-27/5264,Karun Enterprises,19/09/2026,19/09/2026,Approved,Pending,VDPM50,Vildapride-M 50/500mg Tab,Tablet,No,P/AMPU/26/4994,19/09/2026,19/09/2026,19/09/2026,Micro Labs Limited,,,,,Yes,Inside State Purchase GST-5%,1125.00,2.13,2399.62,0.00,13.00,Yes,0.00,0.00,0.00,119.98,2519.61
118,SE/PH/2026-27/5264,Karun Enterprises,19/09/2026,19/09/2026,Approved,Pending,AVMT50,Avomira ER 50mg Tab,Tablet,No,P/AMPU/26/4994,19/09/2026,19/09/2026,19/09/2026,Micro Labs Limited,,,,,Yes,Inside State Purchase GST-5%,200.00,11.43,2286.00,0.00,39.00,Yes,0.00,0.00,0.00,114.30,2400.30
119,SE/PH/2026-27/5264,Karun Enterprises,19/09/2026,19/09/2026,Approved,Pending,ETR040,Etorica MR Tab,Tablet,No,P/AMPU/26/4994,19/09/2026,19/09/2026,19/09/2026,Micro Labs Limited,,,,,Yes,Inside State Purchase GST-5%,300.00,7.14,2142.00,0.00,26.62,Yes,0.00,0.00,0.00,107.10,2249.10
120,SE/PH/2026-27/5264,Karun Enterprises,19/09/2026,19/09/2026,Approved,Pending,HPC25,Hopace 2.5mg Tab,Tablet,No,P/AMPU/26/4994,19/09/2026,19/09/2026,19/09/2026,Micro Labs Limited,,,,,No,Inside State Purchase GST-5%,1125.00,1.85,2081.25,0.00,5.56,Yes,0.00,0.00,0.00,104.06,2185.31
121,SE/PH/2026-27/5264,Karun Enterprises,19/09/2026,19/09/2026,Approved,Pending,AMI100,Amiodar 100mg Tab,Tablet,No,P/AMPU/26/4994,19/09/2026,19/09/2026,19/09/2026,Micro Labs Limited,,,,,Yes,Inside State Purchase GST-5%,800.00,2.60,2080.00,0.00,6.56,Yes,0.00,0.00,0.00,104.00,2184.00
122,SE/PH/2026-27/5264,Karun Enterprises,19/09/2026,19/09/2026,Approved,Pending,MLT500,Melmet SR 500mg Tab,Tablet,No,P/AMPU/26/4994,19/09/2026,19/09/2026,19/09/2026,Micro Labs Limited,,,,,Yes,Inside State Purchase GST-5%,2000.00,0.96,1920.00,0.00,2.12,Yes,0.00,0.00,0.00,96.00,2016.00
123,SE/PH/2026-27/5264,Karun Enterprises,19/09/2026,19/09/2026,Approved,Pending,DVPD25,Divalprid-OD 250mg Tab,Tablet,No,P/AMPU/26/4994,19/09/2026,19/09/2026,19/09/2026,Micro Labs Limited,,,,,Yes,Inside State Purchase GST-5%,500.00,3.50,1750.00,0.00,11.81,Yes,0.00,0.00,0.00,87.50,1837.50
124,SE/PH/2026-27/5264,Karun Enterprises,19/09/2026,19/09/2026,Approved,Pending,ETC60,Etorica 60mg Tablet,Tablet,No,P/AMPU/26/4994,19/09/2026,19/09/2026,19/09/2026,Micro Labs Ltd,,,,,Yes,Inside State Purchase GST-5%,450.00,3.82,1719.45,0.00,13.12,Yes,0.00,0.00,0.00,85.97,1805.42
125,SE/PH/2026-27/5264,Karun Enterprises,19/09/2026,19/09/2026,Approved,Pending,ANJ030,Angiplat 2.5mg Cap(30's),Bottle,No,P/AMPU/26/4994,19/09/2026,19/09/2026,19/09/2026,Micro Labs Limited,,,,,No,Inside State Purchase GST-5%,25.00,65.57,1639.25,0.00,238.10,Yes,0.00,0.00,0.00,81.96,1721.21
126,SE/PH/2026-27/5264,Karun Enterprises,19/09/2026,19/09/2026,Approved,Pending,ZOT100,Zotral 100mg Tab,Tablet,No,P/AMPU/26/4994,19/09/2026,19/09/2026,19/09/2026,Micro Labs Limited,,,,,Yes,Inside State Purchase GST-5%,300.00,4.89,1467.00,0.00,16.87,Yes,0.00,0.00,0.00,73.35,1540.35
127,SE/PH/2026-27/5265,Karun Enterprises,19/09/2026,19/09/2026,Approved,Pending,CIN250,Clariwin-250mg Tab,(1.00 x Tablet),No,P/AMPU/26/4995,19/09/2026,19/09/2026,19/09/2026,Micro Labs Limited,,,,,Yes,Inside State Purchase GST-5%,100.00,13.96,1396.00,0.00,25.26,Yes,0.00,0.00,0.00,69.80,1465.80
128,SE/PH/2026-27/5265,Karun Enterprises,19/09/2026,19/09/2026,Approved,Pending,MINO100,Minolox 100mg Tab,Tablet,No,P/AMPU/26/4995,19/09/2026,19/09/2026,19/09/2026,Micro Labs Limited,,,,,Yes,Inside State Purchase GST-5%,100.00,13.86,1386.00,0.00,47.25,Yes,0.00,0.00,0.00,69.30,1455.30
129,SE/PH/2026-27/5265,Karun Enterprises,19/09/2026,19/09/2026,Approved,Pending,GLC06,Glyco-6 Cream,Nos,No,P/AMPU/26/4995,19/09/2026,19/09/2026,19/09/2026,Micro Labs Limited,,,,,No,Inside State Purchase GST-5%,20.00,60.71,1214.20,0.00,225.90,Yes,0.00,0.00,0.00,60.71,1274.91
130,SE/PH/2026-27/5265,Karun Enterprises,19/09/2026,19/09/2026,Approved,Pending,ARB20,Arbitel 20mg Tablet,Tablet,No,P/AMPU/26/4995,19/09/2026,19/09/2026,19/09/2026,Micro Labs Limited,,,,,No,Inside State Purchase GST-5%,600.00,1.95,1170.00,0.00,4.07,Yes,0.00,0.00,0.00,58.50,1228.50
131,SE/PH/2026-27/5265,Karun Enterprises,19/09/2026,19/09/2026,Approved,Pending,TRX102,Torsinex 20mg/2ml Inj 2ml,Ampoule,No,P/AMPU/26/4995,19/09/2026,19/09/2026,19/09/2026,Micro Labs Limited,,,,,Yes,Inside State Purchase GST-5%,100.00,7.86,786.00,0.00,26.70,Yes,0.00,0.00,0.00,39.30,825.30
132,SE/PH/2026-27/5265,Karun Enterprises,19/09/2026,19/09/2026,Approved,Pending,DOL015,Dolo Drops 15ml,Bottle,No,P/AMPU/26/4995,19/09/2026,19/09/2026,19/09/2026,Micro Labs Limited,,,,,Yes,Inside State Purchase GST-5%,80.00,9.66,772.80,0.00,30.90,Yes,0.00,0.00,0.00,38.64,811.44
133,SE/PH/2026-27/5265,Karun Enterprises,19/09/2026,19/09/2026,Approved,Pending,AZDG010,Aziderm  10% Gel 15gm,Tube,No,P/AMPU/26/4995,19/09/2026,19/09/2026,19/09/2026,Micro Labs Limited,,,,,Yes,Inside State Purchase GST-5%,10.00,69.64,696.40,0.00,259.60,Yes,0.00,0.00,0.00,34.82,731.22
134,SE/PH/2026-27/5265,Karun Enterprises,19/09/2026,19/09/2026,Approved,Pending,PNX125,Panex CR 12.5mg Tab,Tablet,No,P/AMPU/26/4995,19/09/2026,19/09/2026,19/09/2026,Micro Labs Limited,,,,,Yes,Inside State Purchase GST-5%,270.00,2.50,675.00,0.00,18.20,Yes,0.00,0.00,0.00,33.75,708.75
135,SE/PH/2026-27/5265,Karun Enterprises,19/09/2026,19/09/2026,Approved,Pending,DIA001,Diapride M1 Tab,Tablet,No,P/AMPU/26/4995,19/09/2026,19/09/2026,19/09/2026,Micro Labs Limited,,,,,Yes,Inside State Purchase GST-5%,450.00,1.45,652.50,0.00,9.31,Yes,0.00,0.00,0.00,32.63,685.13
136,SE/PH/2026-27/5265,Karun Enterprises,19/09/2026,19/09/2026,Approved,Pending,VPD50,Vildapride 50mg Tab,Tablet,No,P/AMPU/26/4995,19/09/2026,19/09/2026,19/09/2026,Micro Labs Limited,,,,,No,Inside State Purchase GST-5%,300.00,2.10,630.00,0.00,11.75,Yes,0.00,0.00,0.00,31.50,661.50
137,SE/PH/2026-27/5266,Karun Enterprises,19/09/2026,19/09/2026,Approved,Pending,CHNL90,Channel-SR 90mg Tab,Tablet,No,P/AMPU/26/4996,19/09/2026,19/09/2026,19/09/2026,Micro Labs Limited,,,,,Yes,Inside State Purchase GST-5%,200.00,3.15,630.00,0.00,11.81,Yes,0.00,0.00,0.00,31.50,661.50
138,SE/PH/2026-27/5266,Karun Enterprises,19/09/2026,19/09/2026,Approved,Pending,MOXLX,Moxigram LX Eye Drop,Drop,No,P/AMPU/26/4996,19/09/2026,19/09/2026,19/09/2026,Micro Labs Limited,,,,,Yes,Inside State Purchase GST-5%,10.00,55.36,553.60,0.00,201.00,Yes,0.00,0.00,0.00,27.68,581.28
139,SE/PH/2026-27/5266,Karun Enterprises,19/09/2026,19/09/2026,Approved,Pending,GHL023,Diapride M2 Forte Tab,Tablet,No,P/AMPU/26/4996,19/09/2026,19/09/2026,19/09/2026,Micro Labs Limited,,,,,Yes,Inside State Purchase GST-5%,300.00,1.77,529.98,0.00,19.06,Yes,0.00,0.00,0.00,26.50,556.48
140,SE/PH/2026-27/5266,Karun Enterprises,19/09/2026,19/09/2026,Approved,Pending,LOR10,Lorinol 10mg Tab,Tablet,No,P/AMPU/26/4996,19/09/2026,19/09/2026,19/09/2026,Micro Labs Limited,,,,,Yes,Inside State Purchase GST-5%,300.00,1.77,531.00,0.00,11.19,Yes,0.00,0.00,0.00,26.55,557.55
141,SE/PH/2026-27/5266,Karun Enterprises,19/09/2026,19/09/2026,Approved,Pending,DIA002,Diapride M2 Tab,Tablet,No,P/AMPU/26/4996,19/09/2026,19/09/2026,19/09/2026,Micro Labs Limited,,,,,Yes,Inside State Purchase GST-5%,225.00,1.85,416.25,0.00,17.25,Yes,0.00,0.00,0.00,20.81,437.06
142,SE/PH/2026-27/5266,Karun Enterprises,19/09/2026,19/09/2026,Approved,Pending,AST20,Astin-CV 20mg Cap,Capsules,No,P/AMPU/26/4996,19/09/2026,19/09/2026,19/09/2026,Micro Labs Limited,,,,,Yes,Inside State Purchase GST-5%,90.00,4.46,401.40,0.00,15.18,Yes,0.00,0.00,0.00,20.07,421.47
143,SE/PH/2026-27/5266,Karun Enterprises,19/09/2026,19/09/2026,Approved,Pending,PRD04,Predace 4mg Tab,Tablet,No,P/AMPU/26/4996,19/09/2026,19/09/2026,19/09/2026,Micro Labs Limited,,,,,Yes,Inside State Purchase GST-5%,200.00,1.56,312.00,0.00,4.21,Yes,0.00,0.00,0.00,15.60,327.60
144,SE/PH/2026-27/5267,MANKIND PHARMA LTD. (CFA -Delhi),19/09/2026,19/09/2026,Approved,Pending,STF100,Sitcom Forte Tab,Tablet,No,P/AMPU/26/4997,19/09/2026,19/09/2026,19/09/2026,Mankind pharma Pvt.Ltd,,,,,Yes,Outside State Purchase GST-5%,280.00,38.44,10763.98,0.00,70.82,Yes,0.00,0.00,0.00,538.20,11302.18
145,SE/PH/2026-27/5267,MANKIND PHARMA LTD. (CFA -Delhi),19/09/2026,19/09/2026,Approved,Pending,ENTR05,Entromax Suspension 5ml,Mini Bottle,No,P/AMPU/26/4997,19/09/2026,19/09/2026,19/09/2026,Mankind pharma Pvt.Ltd,,,,,Yes,Outside State Purchase GST-5%,480.00,12.75,6120.00,0.00,43.10,Yes,0.00,0.00,0.00,306.00,6426.00
146,SE/PH/2026-27/5267,MANKIND PHARMA LTD. (CFA -Delhi),19/09/2026,19/09/2026,Approved,Pending,NLG026,Nitrolong 2.6mg Tab (30's),Bottle,No,P/AMPU/26/4997,19/09/2026,19/09/2026,19/09/2026,Mankind pharma Pvt.Ltd,,,,,Yes,Outside State Purchase GST-5%,40.00,126.93,5077.20,0.00,229.06,Yes,0.00,0.00,0.00,253.86,5331.06
147,SE/PH/2026-27/5267,MANKIND PHARMA LTD. (CFA -Delhi),19/09/2026,19/09/2026,Approved,Pending,BTKG50,Betakind Gargle 50ml,Bottle,No,P/AMPU/26/4997,19/09/2026,19/09/2026,19/09/2026,Mankind pharma Pvt.Ltd,,,,,Yes,Outside State Purchase GST-5%,60.00,70.59,4235.40,0.00,137.25,Yes,0.00,0.00,0.00,211.77,4447.17
148,SE/PH/2026-27/5267,MANKIND PHARMA LTD. (CFA -Delhi),19/09/2026,19/09/2026,Approved,Pending,CNF200,Caldikind-P NF 200ml Suspension,Bottle,No,P/AMPU/26/4997,19/09/2026,19/09/2026,19/09/2026,Mankind pharma Pvt.Ltd,,,,,No,Outside State Purchase GST-5%,48.00,84.90,4075.20,0.00,159.36,Yes,0.00,0.00,0.00,203.76,4278.96
149,SE/PH/2026-27/5267,MANKIND PHARMA LTD. (CFA -Delhi),19/09/2026,19/09/2026,Approved,Pending,VMK02,Vomikind 2mg/ml Inj 2ml,Ampoule,No,P/AMPU/26/4997,19/09/2026,19/09/2026,19/09/2026,Mankind pharma Pvt.Ltd,,,,,Yes,Outside State Purchase GST-5%,1200.00,3.20,3840.00,0.00,12.71,Yes,0.00,0.00,0.00,192.00,4032.00
150,SE/PH/2026-27/5267,MANKIND PHARMA LTD. (CFA -Delhi),19/09/2026,19/09/2026,Approved,Pending,TBT500,Telmikind Beta 50 Tab,Tablet,No,P/AMPU/26/4997,19/09/2026,19/09/2026,19/09/2026,Mankind pharma Pvt.Ltd,,,,,Yes,Outside State Purchase GST-5%,400.00,8.67,3469.20,0.00,14.05,Yes,0.00,0.00,0.00,173.46,3642.66
151,SE/PH/2026-27/5267,MANKIND PHARMA LTD. (CFA -Delhi),19/09/2026,19/09/2026,Approved,Pending,PRF001,Pangraf 1mg Cap,(1.00 x Capsules),No,P/AMPU/26/4997,19/09/2026,19/09/2026,19/09/2026,Mankind pharma Pvt.Ltd,,,,,Yes,Outside State Purchase GST-5%,120.00,27.67,3320.52,0.00,43.39,Yes,0.00,0.00,0.00,166.03,3486.55
152,SE/PH/2026-27/5267,MANKIND PHARMA LTD. (CFA -Delhi),19/09/2026,19/09/2026,Approved,Pending,PANG020,Pangraf 2mg cap,Capsules,No,P/AMPU/26/4997,19/09/2026,19/09/2026,19/09/2026,Mankind pharma Pvt.Ltd,,,,,Yes,Outside State Purchase GST-5%,60.00,50.27,3016.20,0.00,85.18,Yes,0.00,0.00,0.00,150.81,3167.01
153,SE/PH/2026-27/5267,MANKIND PHARMA LTD. (CFA -Delhi),19/09/2026,19/09/2026,Approved,Pending,MGBM75,Mahagaba M 75 Cap,Capsule,No,P/AMPU/26/4997,19/09/2026,19/09/2026,19/09/2026,Mankind pharma Pvt.Ltd,,,,,Yes,Outside State Purchase GST-5%,300.00,9.30,2790.00,0.00,17.01,Yes,0.00,0.00,0.00,139.50,2929.50
154,SE/PH/2026-27/5268,MANKIND PHARMA LTD. (CFA -Delhi),19/09/2026,19/09/2026,Approved,Pending,NLC500,Nurokind-LC Tablet,Tablet,No,P/AMPU/26/4998,19/09/2026,19/09/2026,19/09/2026,Mankind pharma Pvt.Ltd,,,,,Yes,Outside State Purchase GST-5%,240.00,8.48,2035.20,0.00,15.93,Yes,0.00,0.00,0.00,101.76,2136.96
155,SE/PH/2026-27/5268,MANKIND PHARMA LTD. (CFA -Delhi),19/09/2026,19/09/2026,Approved,Pending,ZCL020,Zincolife 20mg/5ml Syrup 50ml,Bottle,No,P/AMPU/26/4998,19/09/2026,19/09/2026,19/09/2026,Mankind pharma Pvt.Ltd,,,,,Yes,Outside State Purchase GST-5%,50.00,39.53,1976.50,0.00,76.84,Yes,0.00,0.00,0.00,98.83,2075.33
156,SE/PH/2026-27/5268,MANKIND PHARMA LTD. (CFA -Delhi),19/09/2026,19/09/2026,Approved,Pending,CLFT025,Clonafit MD 0.25mg Tab,Tablet,No,P/AMPU/26/4998,19/09/2026,19/09/2026,19/09/2026,Mankind pharma Pvt.Ltd,,,,,Yes,Outside State Purchase GST-5%,3000.00,0.56,1671.00,0.00,2.15,Yes,0.00,0.00,0.00,83.55,1754.55
157,SE/PH/2026-27/5268,MANKIND PHARMA LTD. (CFA -Delhi),19/09/2026,19/09/2026,Approved,Pending,HRP400,Herpikind 400mg Tab,Nos,No,P/AMPU/26/4998,19/09/2026,19/09/2026,19/09/2026,Mankind pharma Pvt.Ltd,,,,,Yes,Outside State Purchase GST-5%,200.00,8.00,1600.00,0.00,14.58,Yes,0.00,0.00,0.00,80.00,1680.00
158,SE/PH/2026-27/5268,MANKIND PHARMA LTD. (CFA -Delhi),19/09/2026,19/09/2026,Approved,Pending,HFSSP60,Histafree 30mg/5ml Susp 60ml,Bottle,No,P/AMPU/26/4998,19/09/2026,19/09/2026,19/09/2026,Mankind pharma Pvt.Ltd,,,,,Yes,Outside State Purchase GST-5%,70.00,22.26,1558.20,0.00,102.09,Yes,0.00,0.00,0.00,77.91,1636.11
159,SE/PH/2026-27/5268,MANKIND PHARMA LTD. (CFA -Delhi),19/09/2026,19/09/2026,Approved,Pending,NADL50,Nuforce Anti Dandruff Lotion 50ml,Bottle,No,P/AMPU/26/4998,19/09/2026,19/09/2026,19/09/2026,Mankind pharma Pvt.Ltd,,,,,No,Outside State Purchase GST-5%,10.00,142.09,1420.90,0.00,276.28,Yes,0.00,0.00,0.00,71.05,1491.95
160,SE/PH/2026-27/5268,MANKIND PHARMA LTD. (CFA -Delhi),19/09/2026,19/09/2026,Approved,Pending,GLZ040,Glizid 40mg Tab,(1.00 x Tablet),No,P/AMPU/26/4998,19/09/2026,19/09/2026,19/09/2026,Mankind pharma Pvt.Ltd,,,,,Yes,Outside State Purchase GST-5%,500.00,2.12,1057.50,0.00,3.75,Yes,0.00,0.00,0.00,52.88,1110.38
161,SE/PH/2026-27/5268,MANKIND PHARMA LTD. (CFA -Delhi),19/09/2026,19/09/2026,Approved,Pending,MCF30,Mahacef Dry Syrup 30ml,Bottle,No,P/AMPU/26/4998,19/09/2026,19/09/2026,19/09/2026,Mankind pharma Pvt.Ltd,,,,,Yes,Outside State Purchase GST-5%,30.00,32.10,963.00,0.00,51.01,Yes,0.00,0.00,0.00,48.15,1011.15
162,SE/PH/2026-27/5268,MANKIND PHARMA LTD. (CFA -Delhi),19/09/2026,19/09/2026,Approved,Pending,NFC050,Nuforce 50mg Tab,Tablet,No,P/AMPU/26/4998,19/09/2026,19/09/2026,19/09/2026,Mankind pharma Pvt.Ltd,,,,,Yes,Outside State Purchase GST-5%,380.00,2.46,932.90,0.00,10.14,Yes,0.00,0.00,0.00,46.65,979.55
163,SE/PH/2026-27/5268,MANKIND PHARMA LTD. (CFA -Delhi),19/09/2026,19/09/2026,Approved,Pending,HIC025,Hicope 25mg Tab,Tablet,No,P/AMPU/26/4998,19/09/2026,19/09/2026,19/09/2026,Mankind pharma Pvt.Ltd,,,,,No,Outside State Purchase GST-5%,300.00,2.82,845.10,0.00,5.48,Yes,0.00,0.00,0.00,42.26,887.36
164,SE/PH/2026-27/5269,MANKIND PHARMA LTD. (CFA -Delhi),19/09/2026,19/09/2026,Approved,Pending,VTND8,Vertistar MD 8mg Tab,Tablet,No,P/AMPU/26/4999,19/09/2026,19/09/2026,19/09/2026,Mankind pharma Pvt.Ltd,,,,,Yes,Outside State Purchase GST-5%,240.00,3.28,788.16,0.00,6.16,Yes,0.00,0.00,0.00,39.41,827.57
165,SE/PH/2026-27/5269,MANKIND PHARMA LTD. (CFA -Delhi),19/09/2026,19/09/2026,Approved,Pending,BDYP6400,Bandy Plus Tab,Tablet,No,P/AMPU/26/4999,19/09/2026,19/09/2026,19/09/2026,Mankind pharma Pvt.Ltd,,,,,No,Outside State Purchase GST-5%,40.00,17.00,680.00,0.00,34.89,Yes,0.00,0.00,0.00,34.00,714.00
166,SE/PH/2026-27/5269,MANKIND PHARMA LTD. (CFA -Delhi),19/09/2026,19/09/2026,Approved,Pending,NFR150,Nuforce 150mg Tab,(1.00 x Tablet),No,P/AMPU/26/4999,19/09/2026,19/09/2026,19/09/2026,Mankind pharma Pvt.Ltd,,,,,Yes,Outside State Purchase GST-5%,120.00,4.41,529.20,0.00,12.95,Yes,0.00,0.00,0.00,26.46,555.66
167,SE/PH/2026-27/5270,MANKIND PHARMA LTD. (CFA -Delhi),19/09/2026,19/09/2026,Approved,Pending,PND015,Piokind 15mg Tab,Tablet,No,P/AMPU/26/5000,19/09/2026,19/09/2026,19/09/2026,DISCOVERY MANKIND,,,,,No,Outside State Purchase GST-5%,600.00,1.82,1092.60,0.00,6.81,Yes,0.00,0.00,0.00,54.63,1147.23
168,SE/PH/2026-27/5271,Medi-Linkers,19/09/2026,19/09/2026,Approved,Pending,LAXO255,Laxopeg 255gm Powder,Jar,No,P/AMPU/26/5001,19/09/2026,19/09/2026,19/09/2026,Fourrts (India) Laboratories Pvt.Ltd,,,,,Yes,Inside State Purchase GST-5%,48.00,220.97,10606.56,0.00,602.00,Yes,0.00,0.00,0.00,530.33,11136.89
169,SE/PH/2026-27/5271,Medi-Linkers,19/09/2026,19/09/2026,Approved,Pending,SOGL200,Sucrafil O Gel 200ml,Bottle,No,P/AMPU/26/5001,19/09/2026,19/09/2026,19/09/2026,Fourrts (India) Laboratories Pvt.Ltd,,,,,Yes,Inside State Purchase GST-5%,50.00,171.16,8558.00,0.00,322.00,Yes,0.00,0.00,0.00,427.90,8985.90
170,SE/PH/2026-27/5271,Medi-Linkers,19/09/2026,19/09/2026,Approved,Pending,NEP500,Nefrosave Tab,Tablet,No,P/AMPU/26/5001,19/09/2026,19/09/2026,19/09/2026,Fourrts (India) Laboratories Pvt.Ltd,,,,,Yes,Inside State Purchase GST-5%,600.00,8.23,4935.60,0.00,17.00,Yes,0.00,0.00,0.00,246.78,5182.38
171,SE/PH/2026-27/5271,Medi-Linkers,19/09/2026,19/09/2026,Approved,Pending,ARG5,Argin 5gm Granules,Sachet,No,P/AMPU/26/5001,19/09/2026,19/09/2026,19/09/2026,Fourrts (India) Laboratories Pvt.Ltd,,,,,No,Inside State Purchase GST-5%,100.00,30.43,3043.00,0.00,60.00,Yes,0.00,0.00,0.00,152.15,3195.15
172,SE/PH/2026-27/5271,Medi-Linkers,19/09/2026,19/09/2026,Approved,Pending,EDS050,Edsave 5mg Tab,Tablet,No,P/AMPU/26/5001,19/09/2026,19/09/2026,19/09/2026,Fourrts (India) Laboratories Pvt.Ltd,,,,,Yes,Inside State Purchase GST-5%,200.00,9.68,1936.00,0.00,25.50,Yes,0.00,0.00,0.00,96.80,2032.80
173,SE/PH/2026-27/5271,Medi-Linkers,19/09/2026,19/09/2026,Approved,Pending,NOC0001,Noctura Syrup 100ml,Bottle,No,P/AMPU/26/5001,19/09/2026,19/09/2026,19/09/2026,Fourrts (India) Laboratories Pvt.Ltd,,,,,Yes,Inside State Purchase GST-5%,15.00,119.66,1794.90,0.00,251.00,Yes,0.00,0.00,0.00,89.75,1884.65
174,SE/PH/2026-27/5271,Medi-Linkers,19/09/2026,19/09/2026,Approved,Pending,SCA20,Sucrafil Ano Cream 20gm,Tube,No,P/AMPU/26/5001,19/09/2026,19/09/2026,19/09/2026,Fourrts (India) Laboratories Pvt.Ltd,,,,,Yes,Inside State Purchase GST-5%,10.00,88.74,887.40,0.00,140.00,Yes,0.00,0.00,0.00,44.37,931.77
175,SE/PH/2026-27/5272,Novacare Healthcare Solutions Private Limited(DELHI),19/09/2026,19/09/2026,Approved,Pending,DPC5T,Dapacose 5mg Tab,Tablet,No,P/AMPU/26/5002,19/09/2026,19/09/2026,19/09/2026,J.B.Chemicals & Pharmaceuticals Limited,,,,,No,Outside State Purchase GST-5%,800.00,4.69,3752.00,0.00,12.46,Yes,0.00,0.00,0.00,187.60,3939.60
176,SE/PH/2026-27/5272,Novacare Healthcare Solutions Private Limited(DELHI),19/09/2026,19/09/2026,Approved,Pending,JBT10,JBtor 10mg Tab,Tablet,No,P/AMPU/26/5002,19/09/2026,19/09/2026,19/09/2026,J.B.Chemicals & Pharmaceuticals Limited,,,,,No,Outside State Purchase GST-5%,2400.00,1.08,2592.00,0.00,6.40,Yes,0.00,0.00,0.00,129.60,2721.60
177,SE/PH/2026-27/5272,Novacare Healthcare Solutions Private Limited(DELHI),19/09/2026,19/09/2026,Approved,Pending,JBT20,JBtor 20mg Tab,Tablet,No,P/AMPU/26/5002,19/09/2026,19/09/2026,19/09/2026,J.B.Chemicals & Pharmaceuticals Limited,,,,,No,Outside State Purchase GST-5%,600.00,2.50,1500.00,0.00,12.64,Yes,0.00,0.00,0.00,75.00,1575.00
178,SE/PH/2026-27/5272,Novacare Healthcare Solutions Private Limited(DELHI),19/09/2026,19/09/2026,Approved,Pending,JBTP10,JBtor Plus Tab,Tablet,No,P/AMPU/26/5002,19/09/2026,19/09/2026,19/09/2026,J.B.Chemicals & Pharmaceuticals Limited,,,,,No,Outside State Purchase GST-5%,300.00,2.37,711.00,0.00,6.74,Yes,0.00,0.00,0.00,35.55,746.55
179,SE/PH/2026-27/5273,S.S Healthcare (FBD),19/09/2026,19/09/2026,Approved,Pending,TEP001,Trelegy Elipta Device,Nos,No,P/AMPU/26/5003,19/09/2026,19/09/2026,19/09/2026,Glaxosmithkline Pharmaceuticals Ltd,,,,,No,Inside State Purchase GST-5%,10.00,2142.61,21426.10,0.00,2911.15,Yes,5.00,0.00,1071.31,1017.74,21372.53
180,SE/PH/2026-27/5274,SHOORA HEALTHCARE DISTRIBUTORS LLP,19/09/2026,19/09/2026,Approved,Pending,LAR500,Larinject 500mg10ml Inj,Vial,No,P/AMPU/26/5004,19/09/2026,19/09/2026,19/09/2026,La Renon Healthcare Pvt.Ltd.,,,,,No,Outside State Purchase GST-5%,50.00,625.06,31253.00,0.00,1973.43,Yes,0.00,0.00,0.00,1562.65,32815.65
181,SE/PH/2026-27/5274,SHOORA HEALTHCARE DISTRIBUTORS LLP,19/09/2026,19/09/2026,Approved,Pending,LMN250,Lamino Nephro-7% 250ml Bottle,Bottle,No,P/AMPU/26/5004,19/09/2026,19/09/2026,19/09/2026,La Renon Healthcare Pvt.Ltd.,,,,,Yes,Outside State Purchase GST-5%,15.00,305.78,4586.70,0.00,781.00,Yes,0.00,0.00,0.00,229.34,4816.04
182,SE/PH/2026-27/5274,SHOORA HEALTHCARE DISTRIBUTORS LLP,19/09/2026,19/09/2026,Approved,Pending,SOB1000,Sobisis Forte 1gm Tab,Nos,No,P/AMPU/26/5004,19/09/2026,19/09/2026,19/09/2026,La Renon Healthcare Pvt.Ltd.,,,,,No,Outside State Purchase GST-5%,800.00,2.26,1807.68,0.00,7.88,Yes,0.00,0.00,0.00,90.38,1898.06
183,SE/PH/2026-27/5274,SHOORA HEALTHCARE DISTRIBUTORS LLP,19/09/2026,19/09/2026,Approved,Pending,RNXL25,Renopress XL 2.5mg tab,Tablet,No,P/AMPU/26/5004,19/09/2026,19/09/2026,19/09/2026,La Renon Healthcare Pvt.Ltd.,,,,,No,Outside State Purchase GST-5%,500.00,3.59,1793.00,0.00,10.62,Yes,0.00,0.00,0.00,89.65,1882.65
184,SE/PH/2026-27/5275,UNI LIFEKIND ( La-Renon),19/09/2026,19/09/2026,Approved,Pending,LVG750,Levigress 750 mg Tab,Tablet,No,P/AMPU/26/5005,19/09/2026,19/09/2026,19/09/2026,La Renon Healthcare Pvt.Ltd.,,,,,Yes,Outside State Purchase GST-5%,2000.00,9.24,18484.00,0.00,19.97,Yes,0.00,0.00,0.00,924.20,19408.20
185,SE/PH/2026-27/5275,UNI LIFEKIND ( La-Renon),19/09/2026,19/09/2026,Approved,Pending,LVGR500,Levigress 500mg tab,Tablet,No,P/AMPU/26/5005,19/09/2026,19/09/2026,19/09/2026,La Renon Healthcare Pvt.Ltd.,,,,,Yes,Outside State Purchase GST-5%,3000.00,5.69,17077.80,0.00,13.31,Yes,0.00,0.00,0.00,853.89,17931.69
186,SE/PH/2026-27/5275,UNI LIFEKIND ( La-Renon),19/09/2026,19/09/2026,Approved,Pending,PLMG354,Palmiges 354mg Cap,Capsules,No,P/AMPU/26/5005,19/09/2026,19/09/2026,19/09/2026,La Renon Healthcare Pvt.Ltd.,,,,,Yes,Outside State Purchase GST-5%,300.00,15.89,4767.00,0.00,32.45,Yes,0.00,0.00,0.00,238.35,5005.35
187,SE/PH/2026-27/5275,UNI LIFEKIND ( La-Renon),19/09/2026,19/09/2026,Approved,Pending,PAN 25000,Pancrehenz 25000,Capsule,No,P/AMPU/26/5005,19/09/2026,19/09/2026,19/09/2026,La Renon Healthcare Pvt.Ltd.,,,,,Yes,Outside State Purchase GST-5%,200.00,22.10,4420.00,0.00,52.02,Yes,0.00,0.00,0.00,221.00,4641.00
188,SE/PH/2026-27/5275,UNI LIFEKIND ( La-Renon),19/09/2026,19/09/2026,Approved,Pending,ERF040,Eiref 40mg/150mg Cap,Capsule,No,P/AMPU/26/5005,19/09/2026,19/09/2026,19/09/2026,La Renon Healthcare Pvt.Ltd.,,,,,Yes,Outside State Purchase GST-5%,500.00,8.82,4409.50,0.00,25.59,Yes,0.00,0.00,0.00,220.48,4629.98
189,SE/PH/2026-27/5275,UNI LIFEKIND ( La-Renon),19/09/2026,19/09/2026,Approved,Pending,BCLR10,Bacloren 10mg tab,Tablet,No,P/AMPU/26/5005,19/09/2026,19/09/2026,19/09/2026,La Renon Healthcare Pvt.Ltd.,,,,,Yes,Outside State Purchase GST-5%,1000.00,3.48,3485.00,0.00,12.40,Yes,0.00,0.00,0.00,174.25,3659.25
190,SE/PH/2026-27/5275,UNI LIFEKIND ( La-Renon),19/09/2026,19/09/2026,Approved,Pending,THC004,Thichoren 4mg Cap,Capsule,No,P/AMPU/26/5005,19/09/2026,19/09/2026,19/09/2026,La Renon Healthcare Pvt.Ltd.,,,,,Yes,Outside State Purchase GST-5%,400.00,7.66,3063.20,0.00,20.91,Yes,0.00,0.00,0.00,153.16,3216.36
191,SE/PH/2026-27/5275,UNI LIFEKIND ( La-Renon),19/09/2026,19/09/2026,Approved,Pending,LRTD05,Larentine D 5mg tab,Tablet,No,P/AMPU/26/5005,19/09/2026,19/09/2026,19/09/2026,La Renon Healthcare Pvt.Ltd.,,,,,Yes,Outside State Purchase GST-5%,600.00,4.81,2887.20,0.00,15.00,Yes,0.00,0.00,0.00,144.36,3031.56
192,SE/PH/2026-27/5275,UNI LIFEKIND ( La-Renon),19/09/2026,19/09/2026,Approved,Pending,QTGR25,Quetigress 25mg tab,Tablet,No,P/AMPU/26/5005,19/09/2026,19/09/2026,19/09/2026,La Renon Healthcare Pvt.Ltd.,,,,,Yes,Outside State Purchase GST-5%,800.00,1.73,1387.20,0.00,4.31,Yes,0.00,0.00,0.00,69.36,1456.56
193,SE/PH/2026-27/5275,UNI LIFEKIND ( La-Renon),19/09/2026,19/09/2026,Approved,Pending,LRTD10,Larentine D 10mg tab,Tablet,No,P/AMPU/26/5005,19/09/2026,19/09/2026,19/09/2026,La Renon Healthcare Pvt.Ltd.,,,,,Yes,Outside State Purchase GST-5%,200.00,6.63,1325.40,0.00,23.16,Yes,0.00,0.00,0.00,66.27,1391.67
194,SE/PH/2026-27/5275,UNI LIFEKIND ( La-Renon),19/09/2026,19/09/2026,Approved,Pending,ESG010,Escigress 10mg Tab,Tablet,No,P/AMPU/26/5005,19/09/2026,19/09/2026,19/09/2026,La Renon Healthcare Pvt.Ltd.,,,,,Yes,Outside State Purchase GST-5%,500.00,2.57,1285.50,0.00,9.00,Yes,0.00,0.00,0.00,64.28,1349.78
195,SE/PH/2026-27/5275,UNI LIFEKIND ( La-Renon),19/09/2026,19/09/2026,Approved,Pending,MNTGR10,Montegress 10mg Tab,Tablet,No,P/AMPU/26/5005,19/09/2026,19/09/2026,19/09/2026,La Renon Healthcare Pvt.Ltd.,,,,,Yes,Outside State Purchase GST-5%,200.00,4.90,980.40,0.00,17.44,Yes,0.00,0.00,0.00,49.02,1029.42
196,SE/PH/2026-27/5276,UNITED BIOTECH (P) LTD,19/09/2026,19/09/2026,Closed,Processed,VAS001,Vasmed 1ml Inj,Nos,No,P/AMPU/26/5006,19/09/2026,19/09/2026,19/09/2026,UNITED BIOTECH (P) LIMITED,,,,,Yes,Outside State Purchase GST-5%,100.00,74.00,7400.00,100.00,334.00,Yes,0.00,0.00,0.00,370.00,7770.00
197,SE/PH/2026-27/5276,UNITED BIOTECH (P) LTD,19/09/2026,19/09/2026,Closed,Processed,IFD100,Ifomid - M 1gm With Mesna Inj,Vial,No,P/AMPU/26/5006,19/09/2026,19/09/2026,19/09/2026,UNITED BIOTECH (P) LIMITED,,,,,Yes,Outside State Purchase GST-5%,10.00,256.50,2565.00,10.00,421.88,Yes,0.00,0.00,0.00,128.25,2693.25
198,SE/PH/2026-27/5277,UNITED BIOTECH (P) LTD,19/09/2026,19/09/2026,Approved,Pending,SUP125,Sol-U-Pred 125mg Inj,Vial,No,P/AMPU/26/5007,19/09/2026,19/09/2026,19/09/2026,UNITED BIO-TECH,,,,,Yes,Outside State Purchase GST-5%,80.00,195.00,15600.00,0.00,406.88,Yes,0.00,0.00,0.00,780.00,16380.00
199,SE/PH/2026-27/5277,UNITED BIOTECH (P) LTD,19/09/2026,19/09/2026,Approved,Pending,HPGD05,Hepagard Granules 5gm,Sachet,No,P/AMPU/26/5007,19/09/2026,19/09/2026,19/09/2026,UNITED BIO-TECH,,,,,Yes,Outside State Purchase GST-5%,180.00,55.00,9900.00,0.00,212.81,Yes,0.00,0.00,0.00,495.00,10395.00
200,SE/PH/2026-27/5277,UNITED BIOTECH (P) LTD,19/09/2026,19/09/2026,Approved,Pending,SUP040,Sol-U-Pred 40mg Inj,Vial,No,P/AMPU/26/5007,19/09/2026,19/09/2026,19/09/2026,UNITED BIO-TECH,,,,,Yes,Outside State Purchase GST-5%,200.00,39.50,7900.00,0.00,84.38,Yes,0.00,0.00,0.00,395.00,8295.00
201,SE/PH/2026-27/5277,UNITED BIOTECH (P) LTD,19/09/2026,19/09/2026,Approved,Pending,SUP1000,Sol-U-Pred 1000mg Inj,Vial,No,P/AMPU/26/5007,19/09/2026,19/09/2026,19/09/2026,UNITED BIO-TECH,,,,,Yes,Outside State Purchase GST-5%,10.00,550.00,5500.00,0.00,1283.44,Yes,0.00,0.00,0.00,275.00,5775.00
202,SE/PH/2026-27/5277,UNITED BIOTECH (P) LTD,19/09/2026,19/09/2026,Approved,Pending,KEZ001,Kezone-S 1gm Inj,Nos,No,P/AMPU/26/5007,19/09/2026,19/09/2026,19/09/2026,UNITED BIO-TECH,,,,,Yes,Outside State Purchase GST-5%,40.00,109.38,4375.20,0.00,402.19,Yes,0.00,0.00,0.00,218.76,4593.96
203,SE/PH/2026-27/5277,UNITED BIOTECH (P) LTD,19/09/2026,19/09/2026,Approved,Pending,KEZ002,Kezone-S 2gm Inj,Nos,No,P/AMPU/26/5007,19/09/2026,19/09/2026,19/09/2026,UNITED BIO-TECH,,,,,Yes,Outside State Purchase GST-5%,20.00,200.00,4000.00,0.00,675.00,Yes,0.00,0.00,0.00,200.00,4200.00
204,SE/PH/2026-27/5277,UNITED BIOTECH (P) LTD,19/09/2026,19/09/2026,Approved,Pending,DSS010,D-Pressin 0.1mg Tab(10's),Strips,No,P/AMPU/26/5007,19/09/2026,19/09/2026,19/09/2026,UNITED BIO-TECH,,,,,No,Outside State Purchase GST-5%,30.00,130.00,3900.00,0.00,336.56,Yes,0.00,0.00,0.00,195.00,4095.00
205,SE/PH/2026-27/5277,UNITED BIOTECH (P) LTD,19/09/2026,19/09/2026,Approved,Pending,BPG020,Bioplegia Inj 20ml,Ampoule,No,P/AMPU/26/5007,19/09/2026,19/09/2026,19/09/2026,UNITED BIO-TECH,,,,,Yes,Outside State Purchase GST-5%,40.00,80.00,3200.00,0.00,243.75,Yes,0.00,0.00,0.00,160.00,3360.00
206,SE/PH/2026-27/5277,UNITED BIOTECH (P) LTD,19/09/2026,19/09/2026,Approved,Pending,SUP500,Sol-U-Pred 500mg Inj,Vial,No,P/AMPU/26/5007,19/09/2026,19/09/2026,19/09/2026,UNITED BIO-TECH,,,,,No,Outside State Purchase GST-5%,10.00,308.00,3080.00,0.00,703.13,Yes,0.00,0.00,0.00,154.00,3234.00
207,SE/PH/2026-27/5277,UNITED BIOTECH (P) LTD,19/09/2026,19/09/2026,Approved,Pending,OCR500,Oncofluor 500mg/10ml Inj,Ampoule,No,P/AMPU/26/5007,19/09/2026,19/09/2026,19/09/2026,UNITED BIO-TECH,,,,,Yes,Outside State Purchase GST-5%,100.00,20.98,2098.00,0.00,28.50,Yes,0.00,0.00,0.00,104.90,2202.90
208,SE/PH/2026-27/5277,UNITED BIOTECH (P) LTD,19/09/2026,19/09/2026,Approved,Pending,UBN10,Uniblastin 10mg/10ml Inj,Vial,No,P/AMPU/26/5007,19/09/2026,19/09/2026,19/09/2026,UNITED BIO-TECH,,,,,Yes,Outside State Purchase GST-5%,10.00,184.00,1840.00,0.00,267.00,Yes,0.00,0.00,0.00,92.00,1932.00
209,SE/PH/2026-27/5278,VALTURE PHARMACEUTICAL LLP,19/09/2026,19/09/2026,Approved,Pending,OK500,OkMag 500Mg Tab,Nos,No,P/AMPU/26/5008,19/09/2026,19/09/2026,19/09/2026,Eyox Wellness Private Limited,,,,,Yes,Inside State Purchase GST-5%,300.00,24.57,7371.30,0.00,43.00,Yes,5.00,0.00,368.56,350.14,7352.88
210,SE/PH/2026-27/5279,VALTURE PHARMACEUTICAL LLP,19/09/2026,19/09/2026,Approved,Pending,OTP000,Otostrngth Plus TAB,Tablet,No,P/AMPU/26/5009,19/09/2026,19/09/2026,19/09/2026,Healthkind Labs Pvt. Ltd,,,,,Yes,Inside State Purchase GST-5%,200.00,16.06,3212.60,0.00,25.30,Yes,5.00,0.00,160.63,152.60,3204.57
211,SE/PH/2026-27/5280,WIN MEDICARE PRIVATE LIMITED - CFA Delhi,19/09/2026,19/09/2026,Approved,Pending,GRV400,Groviva Advance 400gm Powder,Jar,No,P/AMPU/26/5010,19/09/2026,19/09/2026,19/09/2026,Win Medicare Pvt Ltd,,,,,Yes,Outside State Purchase GST-5%,24.00,450.48,10811.52,0.00,903.00,Yes,0.00,0.00,0.00,540.58,11352.10
212,SE/PH/2026-27/5280,WIN MEDICARE PRIVATE LIMITED - CFA Delhi,19/09/2026,19/09/2026,Approved,Pending,MXV400,Maxvida HPHF 400gm Powder,Jar,No,P/AMPU/26/5010,19/09/2026,19/09/2026,19/09/2026,Win Medicare Pvt Ltd,,,,,No,Outside State Purchase GST-5%,12.00,765.81,9189.72,0.00,1462.00,Yes,0.00,0.00,0.00,459.49,9649.21
213,SE/PH/2026-27/5280,WIN MEDICARE PRIVATE LIMITED - CFA Delhi,19/09/2026,19/09/2026,Approved,Pending,MXVHP4,Maxvida HP 400gm Powder,Jar,No,P/AMPU/26/5010,19/09/2026,19/09/2026,19/09/2026,Win Medicare Pvt Ltd,,,,,No,Outside State Purchase GST-5%,12.00,714.48,8573.76,0.00,1364.00,Yes,0.00,0.00,0.00,428.69,9002.45
214,SE/PH/2026-27/5280,WIN MEDICARE PRIVATE LIMITED - CFA Delhi,19/09/2026,19/09/2026,Approved,Pending,MAX400,Maxvida Advance Vanilla 400gm,Nos,No,P/AMPU/26/5010,19/09/2026,19/09/2026,19/09/2026,Win Medicare Pvt Ltd,,,,,Yes,Outside State Purchase GST-5%,12.00,513.33,6159.96,0.00,980.00,Yes,0.00,0.00,0.00,308.00,6467.96
215,SE/PH/2026-27/5281,BHATIA MEDIWAYS AGENCIES(APEX CFA),19/09/2026,19/09/2026,Closed,Processed,ZCV015,Zincovit tab,Tablet,No,P/AMPU/26/5013,19/09/2026,19/09/2026,19/09/2026,APEX Laboratories Limited,,,,,No,Outside State Purchase GST-5%,1800.00,3.83,6894.00,1800.00,7.18,Yes,0.00,0.00,0.00,344.70,7238.70
216,SE/PH/2026-27/5281,BHATIA MEDIWAYS AGENCIES(APEX CFA),19/09/2026,19/09/2026,Closed,Processed,TFDM30,Tufderm Cream 30gm,Tube,No,P/AMPU/26/5013,19/09/2026,19/09/2026,19/09/2026,APEX Laboratories Limited,,,,,Yes,Outside State Purchase GST-5%,60.00,66.00,3960.00,60.00,154.00,Yes,0.00,0.00,0.00,198.00,4158.00
217,SE/PH/2026-27/5281,BHATIA MEDIWAYS AGENCIES(APEX CFA),19/09/2026,19/09/2026,Closed,Processed,P250,P-250mg/5ml Suspension 60ml,Bottle,No,P/AMPU/26/5013,19/09/2026,19/09/2026,19/09/2026,APEX Laboratories Limited,,,,,Yes,Outside State Purchase GST-5%,120.00,19.28,2313.60,120.00,42.84,Yes,0.00,0.00,0.00,115.68,2429.28
218,SE/PH/2026-27/5282,Intas Pharmaceuticals Limited,19/09/2026,19/09/2026,Approved,Pending,EST120,Esentra 120mg Inj,Vial,No,P/AMPU/26/5012,19/09/2026,19/09/2026,19/09/2026,INTAS PHARMACEUTICAL,,,,,No,Outside State Purchase GST-5%,1.00,7000.00,7000.00,0.00,29947.50,Yes,0.00,0.00,0.00,350.00,7350.00
219,SE/PH/2026-27/5283,ABSOLUTE DISTRIBUTION SOLUTIONS PRIVATE LIMITED,19/09/2026,19/09/2026,Closed,Processed,KET10001,Keytruda 100mg/4ml Inj,Vial,No,P/AMPU/26/5012,19/09/2026,19/09/2026,19/09/2026,MSD,,,,,Yes,Outside State Purchase GST-5%,4.00,173200.00,692800.00,4.00,216500.00,Yes,0.00,0.00,0.00,34640.00,727440.00
220,SE/PH/2026-27/5284,BAJAJ SALES AGENCY,19/09/2026,19/09/2026,Closed,Processed,CNB25,CNB 25mg Tab,Nos,No,AUTO/P/26/725,16/09/2026,19/09/2026,19/09/2026,MSN Lab Pvt Limited,,,,,Yes,Outside State Purchase GST-5%,500.00,8.53,4266.50,500.00,14.00,Yes,4.00,0.00,170.66,204.79,4300.63
221,SE/PH/2026-27/5285,South Delhi Pharma,19/09/2026,19/09/2026,Approved,Partially Processed,KCB150,Kemocarb 150mg Inj,(1.00 x Vial),No,P/AMPU/26/5015,19/09/2026,19/09/2026,19/09/2026,Fresenius Kabi India Ltd.,,,,,Yes,Outside State Purchase GST-5%,500.00,760.00,380000.00,232.00,952.55,Yes,0.00,0.00,0.00,19000.00,399000.00
222,SE/PH/2026-27/5286,Toasha Vaccines Southend,19/09/2026,19/09/2026,Approved,Pending,FLX05,Fluarix SH ( Trivalent ) PFS vaccines,Nos,No,P/AMPU/26/5016,19/09/2026,19/09/2026,19/09/2026,Glaxosmithkline Pharmaceuticals Ltd,,,,,Yes,Outside State Purchase GST-5%,100.00,903.81,90381.00,0.00,2499.00,Yes,5.00,0.00,4519.05,4293.10,90155.05
223,SE/PH/2026-27/5287,R.K Pharma,19/09/2026,19/09/2026,Approved,Pending,HRT150,Herti 150mg Inj,Vial,No,P/AMPU/26/5014,19/09/2026,19/09/2026,19/09/2026,Hetero Healthcare Ltd,,,,,No,Outside State Purchase GST-5%,4.00,2900.00,11600.00,0.00,16298.00,Yes,0.00,0.00,0.00,580.00,12180.00
224,SE/PH/2026-27/5288,Karun Enterprises,19/09/2026,19/09/2026,Closed,Processed,MCR255,Microvir 250mg Tab,Tablet,No,P/AMPU/26/5014,19/09/2026,19/09/2026,19/09/2026,Micro Labs Limited,,,,,Yes,Inside State Purchase GST-5%,3.00,16.39,49.18,3.00,55.60,Yes,0.00,0.00,0.00,2.46,51.64
225,SE/PH/2026-27/5289,AMBEY HEALTHCARE,19/09/2026,19/09/2026,Approved,Pending,SMF986,SMOF Kabiven Central 986ml,Pack-B,No,P/AMPU/26/5014,19/09/2026,19/09/2026,19/09/2026,Fresenius Kabi India Ltd.,,,,,Yes,Outside State Purchase GST-5%,4.00,2950.00,11800.00,0.00,5459.00,Yes,0.00,0.00,0.00,590.00,12390.00
226,SE/PH/2026-27/5290,KAPBRO PHARMA PRIVATE LIMITED,19/09/2026,19/09/2026,Approved,Pending,IMF500,Imfinzi 500mg Inj,Vial,No,P/AMPU/26/5025,19/09/2026,19/09/2026,19/09/2026,"AstraZeneca Pharma India Ltd,",,,,,Yes,Outside State Purchase GST-5%,1.00,137059.41,137059.41,0.00,171324.27,Yes,0.00,0.00,0.00,6852.97,143912.38
227,SE/PH/2026-27/5291,KAPBRO PHARMA PRIVATE LIMITED,19/09/2026,19/09/2026,Approved,Pending,REL20,Relopduo 20ml Inj,Nos,No,P/AMPU/26/5025,19/09/2026,19/09/2026,19/09/2026,Bristol-Myers Squibb Laboratories,,,,,Yes,Outside State Purchase GST-5%,1.00,246224.00,246224.00,0.00,299900.00,Yes,0.00,0.00,0.00,12311.20,258535.20
228,SE/PH/2026-27/5292,MODEL ENTERPRISES PRIVATE LIMITED,19/09/2026,19/09/2026,Approved,Pending,DRZ1800,Darzalex Faspro 1800mg Inj,Vial,No,P/AMPU/26/5025,19/09/2026,19/09/2026,19/09/2026,Johnson & Johnson Limited,,,,,No,Inside State Purchase GST-0%,1.00,191327.25,191327.25,0.00,227770.54,Yes,0.00,0.00,0.00,0.00,191327.25
229,SE/PH/2026-27/5293,BHATIA MEDIWAYS AGENCIES(APEX CFA),19/09/2026,21/09/2026,Approved,Pending,AON001,Acton OR 1000mg Tab,Tablet,No,P/AMPU/26/4979,19/09/2026,19/09/2026,19/09/2026,APEX MEDICAL,,,,,Yes,Outside State Purchase GST-5%,800.00,2.86,2288.00,0.00,6.26,Yes,0.00,0.00,0.00,114.40,2402.40
230,SE/PH/2026-27/5294,Gennova  Biopharmaceuticals  Ltd,19/09/2026,21/09/2026,Approved,Pending,SEV400,Sevcar 400mg Tab,Nos,No,P/AMPU/26/4985,19/09/2026,19/09/2026,19/09/2026,"Emcure Phamaceuticals Ltd,",,,,,No,Inside State Purchase GST-5%,500.00,6.20,3100.00,0.00,40.42,Yes,0.00,0.00,0.00,155.00,3255.00
231,SE/PH/2026-27/5294,Gennova  Biopharmaceuticals  Ltd,19/09/2026,21/09/2026,Approved,Pending,VGF01,Vingraf 1mg Cap,Capsules,No,P/AMPU/26/4985,19/09/2026,19/09/2026,19/09/2026,"Emcure Pharmaceuticals Ltd,",,,,,Yes,Inside State Purchase GST-5%,120.00,7.70,924.00,0.00,43.39,Yes,0.00,0.00,0.00,46.20,970.20
232,SE/PH/2026-27/5294,Gennova  Biopharmaceuticals  Ltd,19/09/2026,21/09/2026,Approved,Pending,MOF180,Mofilet S 180mg Tab,Tablet,No,P/AMPU/26/4985,19/09/2026,19/09/2026,19/09/2026,"Emcure Phamaceuticals Ltd,",,,,,Yes,Inside State Purchase GST-5%,120.00,7.01,841.20,0.00,56.10,Yes,0.00,0.00,0.00,42.06,883.26
233,SE/PH/2026-27/5295,AYUSH ENTERPRISES,19/09/2026,21/09/2026,Approved,Pending,COLZZ,Colgate Zig-Zag Tooth Brush,Nos,No,P/AMPU/26/5017,19/09/2026,19/09/2026,19/09/2026,Colgate-Palmolive (India) Limited,,,,,Yes,Outside State Purchase GST-5%,100.00,25.43,2543.00,0.00,30.00,Yes,0.00,0.00,0.00,127.15,2670.15
234,SE/PH/2026-27/5296,HEALTHLINE PHARMACEUTICALS,19/09/2026,21/09/2026,Approved,Pending,SNP010,Sinopure Starter Kit,Pack-B,No,P/AMPU/26/5018,19/09/2026,19/09/2026,19/09/2026,LUPIN LABORATORIES LTD,,,,,Yes,Inside State Purchase GST-5%,6.00,339.14,2034.84,0.00,620.75,Yes,5.00,0.00,101.74,96.65,2029.75
235,SE/PH/2026-27/5297,KAPBRO PHARMA PRIVATE LIMITED,19/09/2026,21/09/2026,Approved,Pending,TIS100,Tishtha 100mg Inj,Nos,No,P/AMPU/26/5019,19/09/2026,19/09/2026,19/09/2026,Zydus Cadila Healthcare Ltd,,,,,Yes,Outside State Purchase GST-5%,5.00,22057.40,110287.00,0.00,28950.00,Yes,0.00,0.00,0.00,5514.35,115801.35
236,SE/PH/2026-27/5298,M/s Med Save Healthcare,19/09/2026,21/09/2026,Approved,Pending,HEM7090,Automatic Blood Pressure Monitor(Omron 7090),unit(s),No,P/AMPU/26/5020,19/09/2026,19/09/2026,19/09/2026,OMRON,,,,,Yes,Inside State Purchase GST-5%,5.00,1225.00,6125.00,0.00,1990.00,Yes,0.00,0.00,0.00,306.25,6431.25
237,SE/PH/2026-27/5299,MODEL ENTERPRISES PRIVATE LIMITED,19/09/2026,21/09/2026,Approved,Pending,FLT200,Folitrax 20mg Tab,Tablet,No,P/AMPU/26/5021,19/09/2026,19/09/2026,19/09/2026,IPCA Laboratories Ltd,,,,,Yes,Outside State Purchase GST-5%,50.00,26.23,1311.50,0.00,69.38,Yes,5.00,0.00,65.58,62.30,1308.22
238,SE/PH/2026-27/5299,MODEL ENTERPRISES PRIVATE LIMITED,19/09/2026,21/09/2026,Approved,Pending,FTX075,Folitrax - 7.5mg Tab,(1.00 x Tablet),No,P/AMPU/26/5021,19/09/2026,19/09/2026,19/09/2026,IPCA Laboratories Ltd,,,,,Yes,Outside State Purchase GST-5%,100.00,7.92,792.00,0.00,19.74,Yes,5.00,0.00,39.60,37.62,790.02
239,SE/PH/2026-27/5300,Novacare Healthcare Solutions Private Limited(DELHI),19/09/2026,21/09/2026,Approved,Pending,CLC020,Cilacar 20mg Tab,Tablet,No,P/AMPU/26/5022,19/09/2026,19/09/2026,19/09/2026,J.B.Chemicals & Pharmaceuticals Limited,,,,,No,Outside State Purchase GST-5%,300.00,6.50,1950.00,0.00,21.51,Yes,0.00,0.00,0.00,97.50,2047.50
240,SE/PH/2026-27/5300,Novacare Healthcare Solutions Private Limited(DELHI),19/09/2026,21/09/2026,Approved,Pending,RNT150,Rantac 150 mg Tab,Tablet,No,P/AMPU/26/5022,19/09/2026,19/09/2026,19/09/2026,J.B.Chemicals & Pharmaceuticals Limited,,,,,No,Outside State Purchase GST-5%,900.00,0.75,675.00,0.00,1.64,Yes,0.00,0.00,0.00,33.75,708.75
241,SE/PH/2026-27/5301,R.K Pharma,19/09/2026,21/09/2026,Approved,Pending,RTRL500,RituxiRel RN 500mg Inj (OSS),Vial,No,P/AMPU/26/5023,19/09/2026,19/09/2026,19/09/2026,"Reliance  Life  Sciences Pvt Ltd.,",,,,,Yes,Outside State Purchase GST-5%,20.00,5150.00,103000.00,0.00,40688.44,Yes,0.00,0.00,0.00,5150.00,108150.00
,,,,,,,,,,,,,,,,,,,,,,,,3301401.19,,,,,,17512.60,156386.77,3440275.36
