GRN No.,Invoice No,DCNo,"Received 
Date",Item Code,Item Name,HSN Code,Batch No,"Expiry
Date",Manuf. Date,"Purchase 
UOM",Qty.,MRP,MRP I/E,Free Item,Vendor,GSTIN,"GRN 
Status",Store Name,"GST 
UOM"
SE/PH/GRN/26/6655,S3-26-16039,,19/09/2026,CNB125,CNB 12.5mg Tab,30049099,141752^4RG08026A,31/07/2028,01/08/2026,Nos,500.0,9.5,I,No,BAJAJ SALES AGENCY,07AHOPB9208N1ZX,Closed,PS/MN/20B/00 (PH MAIN STORE),
SE/PH/GRN/26/6660,MD/26-27/29854,,19/09/2026,PST667,Phostat 667mg Tab,30049086,141836^SB00581A,31/07/2028,01/08/2026,Tablet,300.0,3.96,I,No,R.K Pharma,07AAIFR7148G1ZY,Closed,PS/MN/20B/00 (PH MAIN STORE),
SE/PH/GRN/26/6661,MD/26-27/29732,,19/09/2026,GMB200,Gembin 200mg Inj,30049099,135319^26EGM01,30/04/2028,01/05/2026,Vial,60.0,1022.7,I,No,R.K Pharma,07AAIFR7148G1ZY,Closed,PS/MN/20B/00 (PH MAIN STORE),
SE/PH/GRN/26/6662,MD/26-27/29676,,19/09/2026,HEP050,Hepadot 50mg/5ml Inj,30019099,141755^IPTAA1504,30/04/2027,01/05/2025,Nos,100.0,52.23,I,No,R.K Pharma,07AAIFR7148G1ZY,Closed,PS/MN/20B/00 (PH MAIN STORE),
SE/PH/GRN/26/6663,MD/26-27/29565,,19/09/2026,MP006,6 MP 50mg Tab,30049049,141833^CWC1143,31/07/2028,01/08/2026,Tablet,100.0,5.63,I,No,R.K Pharma,07AAIFR7148G1ZY,Closed,PS/MN/20B/00 (PH MAIN STORE),
SE/PH/GRN/26/6663,MD/26-27/29565,,19/09/2026,DON050,Duxocin 50mg Inj,30049046,117914^BYB1137,31/03/2028,01/10/2025,Vial,10.0,311.3,I,No,R.K Pharma,07AAIFR7148G1ZY,Closed,PS/MN/20B/00 (PH MAIN STORE),
SE/PH/GRN/26/6663,MD/26-27/29565,,19/09/2026,GMB200,Gembin 200mg Inj,30049099,135319^26EGM01,30/04/2028,01/05/2026,Vial,10.0,1022.7,I,No,R.K Pharma,07AAIFR7148G1ZY,Closed,PS/MN/20B/00 (PH MAIN STORE),
SE/PH/GRN/26/6665,HADH48300004041,,19/09/2026,HLB150,Hemlibra 150mg/1ml Inj,30021500,133632^B0275B08,30/09/2027,10/10/2025,Vial,1.0,256825.0,I,No,Roche Products (India) Pvt Ltd,06AAACR2744K1ZD,Closed,PS/MN/20B/00 (PH MAIN STORE),
SE/PH/GRN/26/6666,DP02506,,19/09/2026,MLT003,Meloset 3mg Tab,30049099,141365^MPF261807,31/05/2028,01/06/2026,Tablet,500.0,6.562,I,No,Dinkar Pharmaceuticals,06CKTPK0152J1ZZ,Closed,PS/MN/20B/00 (PH MAIN STORE),
SE/PH/GRN/26/6667,DP02504,,19/09/2026,SML0100,Simyl MCT Oil 100ml,21069099,141841^0326G058,31/12/2027,01/07/2026,Bottle,50.0,360.0,I,No,Dinkar Pharmaceuticals,06CKTPK0152J1ZZ,Closed,PS/MN/20B/00 (PH MAIN STORE),
SE/PH/GRN/26/6668,G-261356,,19/09/2026,EYL002,Eylea 40mg/ml inj,30021099,139147^KT10KPS,31/08/2027,01/09/2025,Vial,1.0,29998.0,I,No,AMSHEE SALES,07AAHFA1017E1Z4,Closed,PS/MN/20B/00 (PH MAIN STORE),
SE/PH/GRN/26/6669,T26-27/09004,,19/09/2026,THYG25,Thymoglobuline 25mg/5ml Inj,30049099,141228^GW0717,30/09/2028,04/10/2025,Vial,2.0,28174.0,I,No,KOMAL AGENCIES,07AAAPK2268C1Z5,Closed,PS/MN/20B/00 (PH MAIN STORE),
SE/PH/GRN/26/6670,T26-27/09003,,19/09/2026,ADD3232,Addphos Sachet 3.2gm,30049099,137604^SM1G-26016,31/05/2028,01/06/2026,Sachet,225.0,24.38,I,No,KOMAL AGENCIES,07AAAPK2268C1Z5,Closed,PS/MN/20B/00 (PH MAIN STORE),
SE/PH/GRN/26/6671,011262,,19/09/2026,BRI180,Brillo EZ Tablet,30049099,141416^BFD0074,30/04/2028,01/05/2026,Nos,10.0,29.344,I,No,Local Purchase Pharmacy,*,Closed,PS/MN/20B/00 (PH MAIN STORE),
SE/PH/GRN/26/6672,ETVS26/11064,,19/09/2026,FLX05,Fluarix SH ( Trivalent ) PFS vaccines,30022024,141839^AFLUA954AG,30/06/2027,01/07/2026,Nos,200.0,2499.0,I,No,Toasha Vaccines Southend,07AERPG0961M1Z3,Closed,PS/MN/20B/00 (PH MAIN STORE),
SE/PH/GRN/26/6673,SB-26-57507,,19/09/2026,OCV010,Oceva 10mg/ml Inj,30021500,141837^ZEH0192A,30/04/2029,01/05/2026,Vials,2.0,16875.0,I,No,MODEL ENTERPRISES PRIVATE LIMITED,07AAACM8063E1ZL,Closed,PS/MN/20B/00 (PH MAIN STORE),
SE/PH/GRN/26/6673,SB-26-57507,,19/09/2026,OCV010,Oceva 10mg/ml Inj,30021500,134705^ZEH0176A,31/03/2029,01/04/2026,Vials,1.0,16875.0,I,No,MODEL ENTERPRISES PRIVATE LIMITED,07AAACM8063E1ZL,Closed,PS/MN/20B/00 (PH MAIN STORE),
SE/PH/GRN/26/6674,011273,,19/09/2026,ZCV015,Zincovit tab,21069099,141707^ZVT26167,31/12/2027,01/07/2026,Tablet,75.0,7.533,I,No,Local Purchase Pharmacy,*,Closed,PS/MN/20B/00 (PH MAIN STORE),
SE/PH/GRN/26/6675,OM26DE-S09-25034,,19/09/2026,KET10001,Keytruda 100mg/4ml Inj,30021500,140531^A006314,15/11/2027,16/11/2025,Vial,4.0,216500.0,I,No,ABSOLUTE DISTRIBUTION SOLUTIONS PRIVATE LIMITED,07AAKCA1203E1ZB,Closed,PS/MN/20B/00 (PH MAIN STORE),
SE/PH/GRN/26/6676,SB-26-57165,,19/09/2026,BIC001,Bifilac Cap,30029030,139358^ALA26N01,31/05/2028,01/06/2026,Capsule,500.0,14.9,I,No,MODEL ENTERPRISES PRIVATE LIMITED,07AAACM8063E1ZL,Closed,PS/MN/20B/00 (PH MAIN STORE),
SE/PH/GRN/26/6676,SB-26-57165,,19/09/2026,SFLX17,Safelax 17.1gm Sachet,30049039,134695^TPB26I01,31/10/2028,01/05/2026,Sachet,300.0,55.78,I,No,MODEL ENTERPRISES PRIVATE LIMITED,07AAACM8063E1ZL,Closed,PS/MN/20B/00 (PH MAIN STORE),
SE/PH/GRN/26/6677,A002611,,19/09/2026,WAS300,Wasta plus Tab,30049099,131061^2605EBA103,30/04/2028,01/05/2026,Nos,100.0,103.031,I,No,PHARMAGIX,06ABBFP4852H1Z8,Closed,PS/MN/20B/00 (PH MAIN STORE),
SE/PH/GRN/26/6678,A002613,,19/09/2026,LVS450,LivSource Powder 450gm,21061000,141831^SLLSV203,28/02/2028,01/09/2026,Jar,32.0,1615.0,I,No,PHARMAGIX,06ABBFP4852H1Z8,Closed,PS/MN/20B/00 (PH MAIN STORE),
SE/PH/GRN/26/6679,A002612,,19/09/2026,REX060,Rexozin 60k Nano Shot,30045036,141832^L-26114,31/07/2028,01/08/2026,Nos,736.0,91.88,I,No,PHARMAGIX,06ABBFP4852H1Z8,Closed,PS/MN/20B/00 (PH MAIN STORE),
SE/PH/GRN/26/6680,SB-26-57163,,19/09/2026,CLV15,Coloview 15ml Solution,30049039,134699^CVP26001,31/03/2028,01/04/2026,Bottle,20.0,59.05,I,No,MODEL ENTERPRISES PRIVATE LIMITED,07AAACM8063E1ZL,Closed,PS/MN/20B/00 (PH MAIN STORE),
SE/PH/GRN/26/6680,SB-26-57163,,19/09/2026,MCN015,Mucopain 15gm Gel,30049099,132471^O26206,31/03/2029,01/04/2026,Tube,20.0,96.1,I,No,MODEL ENTERPRISES PRIVATE LIMITED,07AAACM8063E1ZL,Closed,PS/MN/20B/00 (PH MAIN STORE),
SE/PH/GRN/26/6680,SB-26-57163,,19/09/2026,NOVO32,Novofine Needle 32G,90183290,136980^PS7H04X-3,31/07/2029,01/08/2024,Nos,900.0,17.13,I,No,MODEL ENTERPRISES PRIVATE LIMITED,07AAACM8063E1ZL,Closed,PS/MN/20B/00 (PH MAIN STORE),
SE/PH/GRN/26/6681,SB-26-57278,,19/09/2026,PHM200,Prohance Mom SF 200gm Powder,18069090,141165^ZRD0188,31/07/2027,01/05/2026,Jar,8.0,415.5,I,No,MODEL ENTERPRISES PRIVATE LIMITED,07AAACM8063E1ZL,Closed,PS/MN/20B/00 (PH MAIN STORE),
SE/PH/GRN/26/6682,SB-26-57216,,19/09/2026,RAR015,Rivamer 1.5mg Cap,30049099,141351^SIH1067A,31/05/2028,01/06/2026,(1.00 x Capsules),120.0,21.7,I,No,MODEL ENTERPRISES PRIVATE LIMITED,07AAACM8063E1ZL,Closed,PS/MN/20B/00 (PH MAIN STORE),
SE/PH/GRN/26/6683,SB-26-57264,,19/09/2026,BICS05,Bifilac 0.5gm Sachet,30024910,141830^LLA26N04,31/05/2028,01/06/2026,Sachet,198.0,19.95,I,No,MODEL ENTERPRISES PRIVATE LIMITED,07AAACM8063E1ZL,Closed,PS/MN/20B/00 (PH MAIN STORE),
SE/PH/GRN/26/6683,SB-26-57264,,19/09/2026,BIC001,Bifilac Cap,30029030,139358^ALA26N01,31/05/2028,01/06/2026,Capsule,2000.0,14.9,I,No,MODEL ENTERPRISES PRIVATE LIMITED,07AAACM8063E1ZL,Closed,PS/MN/20B/00 (PH MAIN STORE),
SE/PH/GRN/26/6684,SB-26-57275,,19/09/2026,LZD025,Lonazep MD 0.25mg Tab,30049082,132433^GTH0945A,28/02/2028,01/03/2026,Tablet,1200.0,2.147,I,No,MODEL ENTERPRISES PRIVATE LIMITED,07AAACM8063E1ZL,Closed,PS/MN/20B/00 (PH MAIN STORE),
SE/PH/GRN/26/6684,SB-26-57275,,19/09/2026,OXC060,Oxetol Suspension 60ml,30049082,141540^SXH1561A,31/07/2028,01/08/2026,Bottle,30.0,236.0,I,No,MODEL ENTERPRISES PRIVATE LIMITED,07AAACM8063E1ZL,Closed,PS/MN/20B/00 (PH MAIN STORE),
SE/PH/GRN/26/6684,SB-26-57275,,19/09/2026,TZN002,Tizan 2mg Tab,30049099,122007^GTH0450A,31/01/2029,01/02/2026,Tablet,120.0,20.3,I,No,MODEL ENTERPRISES PRIVATE LIMITED,07AAACM8063E1ZL,Closed,PS/MN/20B/00 (PH MAIN STORE),
SE/PH/GRN/26/6685,SB-26-57513,,19/09/2026,BVTS400,Bevatas 400mg Inj,30021500,129542^24030120,28/02/2029,01/03/2026,Vial,8.0,62690.1,I,No,MODEL ENTERPRISES PRIVATE LIMITED,07AAACM8063E1ZL,Closed,PS/MN/20B/00 (PH MAIN STORE),
SE/PH/GRN/26/6686,SB-26-57861,,19/09/2026,ACBN20,Aciban 20mg Tab,30049039,141829^JKAB25002,30/11/2028,01/12/2025,Tablet,1000.0,4.547,I,No,MODEL ENTERPRISES PRIVATE LIMITED,07AAACM8063E1ZL,Closed,PS/MN/20B/00 (PH MAIN STORE),
SE/PH/GRN/26/6687,MD/26-27/29574,,19/09/2026,CNS555,Canshield 50mg Inj,30049029,141842^PCOBD0126,28/02/2029,01/06/2026,Vial,2.0,18700.0,I,No,R.K Pharma,07AAIFR7148G1ZY,Closed,PS/MN/20B/00 (PH MAIN STORE),
SE/PH/GRN/26/6687,MD/26-27/29574,,19/09/2026,FOS40,Fosfofast 4000mg Injection,30049099,138775^BI260203A,31/05/2028,01/06/2026,Vial,20.0,7939.8,I,No,R.K Pharma,07AAIFR7148G1ZY,Closed,PS/MN/20B/00 (PH MAIN STORE),
SE/PH/GRN/26/6687,MD/26-27/29574,,19/09/2026,INNO500,Innomer 500mg Inj,30049099,141305^CMPCF0926,31/05/2028,01/06/2026,Vial,200.0,776.0,I,No,R.K Pharma,07AAIFR7148G1ZY,Closed,PS/MN/20B/00 (PH MAIN STORE),
SE/PH/GRN/26/6687,MD/26-27/29574,,19/09/2026,XVT025,Xavitaz 2.5gm Inj,30042099,141304^CCDAX0426,30/06/2028,01/07/2026,Vial,80.0,7299.6,I,No,R.K Pharma,07AAIFR7148G1ZY,Closed,PS/MN/20B/00 (PH MAIN STORE),
SE/PH/GRN/26/6688,SB-26-57166,,19/09/2026,BPN 150,Bupron SR 150mg Tab,30049099,141828^SIH1190A,30/06/2028,01/07/2026,(1.00 x Tablet),200.0,19.3,I,No,MODEL ENTERPRISES PRIVATE LIMITED,07AAACM8063E1ZL,Closed,PS/MN/20B/00 (PH MAIN STORE),
SE/PH/GRN/26/6688,SB-26-57166,,19/09/2026,DRNS20,Dronis 20 Tab ( 24's),30066020,141827^GKH1087A,30/11/2028,01/06/2026,Strips,6.0,438.0,I,No,MODEL ENTERPRISES PRIVATE LIMITED,07AAACM8063E1ZL,Closed,PS/MN/20B/00 (PH MAIN STORE),
SE/PH/GRN/26/6688,SB-26-57166,,19/09/2026,KID5ML,Kidtro Eye Drops 5Ml,30049099,134196^GTH1234A,30/09/2027,01/04/2026,(1.00 x Bottle),10.0,300.0,I,No,MODEL ENTERPRISES PRIVATE LIMITED,07AAACM8063E1ZL,Closed,PS/MN/20B/00 (PH MAIN STORE),
SE/PH/GRN/26/6688,SB-26-57166,,19/09/2026,LZD025,Lonazep MD 0.25mg Tab,30049082,132433^GTH0945A,28/02/2028,01/03/2026,Tablet,1500.0,2.147,I,No,MODEL ENTERPRISES PRIVATE LIMITED,07AAACM8063E1ZL,Closed,PS/MN/20B/00 (PH MAIN STORE),
SE/PH/GRN/26/6688,SB-26-57166,,19/09/2026,NFT100,Niftran 100mg Cap (10),30049099,141058^JED0016,30/06/2028,01/07/2026,Bottle,75.0,92.88,I,No,MODEL ENTERPRISES PRIVATE LIMITED,07AAACM8063E1ZL,Closed,PS/MN/20B/00 (PH MAIN STORE),
SE/PH/GRN/26/6688,SB-26-57166,,19/09/2026,SYN0125,Syndopa CR 125mg Tab,30049099,141116^GKH1128A,30/06/2028,01/07/2026,Tablet,400.0,2.998,I,No,MODEL ENTERPRISES PRIVATE LIMITED,07AAACM8063E1ZL,Closed,PS/MN/20B/00 (PH MAIN STORE),
SE/PH/GRN/26/6689,MD/26-27/29921,,19/09/2026,ACSF20,Ancool Suspension 200ml (Sugar free),30049039,141177^Z06AK26004,30/06/2028,01/07/2026,Bottle,100.0,204.25,I,No,R.K Pharma,07AAIFR7148G1ZY,Closed,PS/MN/20B/00 (PH MAIN STORE),
SE/PH/GRN/26/6689,MD/26-27/29921,,19/09/2026,VIT600,Vitanova-D3 6L Inj,30045036,141835^ZPN3AA6004,30/04/2028,01/05/2026,Nos,90.0,65.6,I,No,R.K Pharma,07AAIFR7148G1ZY,Closed,PS/MN/20B/00 (PH MAIN STORE),
SE/PH/GRN/26/6690,DEL-26-40441,,19/09/2026,TBM300,Tobamist Respules,30049087,141577^6GA0082,28/02/2028,01/03/2026,Respules,80.0,645.71,I,No,Novacare Healthcare Solutions Private Limited(DELHI),07AAGCN0847B1ZS,Closed,PS/MN/20B/00 (PH MAIN STORE),
SE/PH/GRN/26/6691,MD/26-27/29571,,19/09/2026,ACSF20,Ancool Suspension 200ml (Sugar free),30049039,141177^Z06AK26004,30/06/2028,01/07/2026,Bottle,20.0,204.25,I,No,R.K Pharma,07AAIFR7148G1ZY,Closed,PS/MN/20B/00 (PH MAIN STORE),
SE/PH/GRN/26/6691,MD/26-27/29571,,19/09/2026,MXLV500,Maxiliv 500mg Tab,21069099,139915^ZPF2AC6005,31/05/2028,01/06/2026,Tablet,220.0,140.9,I,No,R.K Pharma,07AAIFR7148G1ZY,Closed,PS/MN/20B/00 (PH MAIN STORE),
SE/PH/GRN/26/6691,MD/26-27/29571,,19/09/2026,MYTP0150,Myotop 150mg tablet,30049069,141843^Z05BJ26006,31/10/2028,01/05/2026,Tablet,200.0,19.485,I,No,R.K Pharma,07AAIFR7148G1ZY,Closed,PS/MN/20B/00 (PH MAIN STORE),
SE/PH/GRN/26/6691,MD/26-27/29571,,19/09/2026,MYTP0150,Myotop 150mg tablet,30049069,126899^Z05BJ26002,31/08/2028,01/03/2026,Tablet,400.0,19.485,I,No,R.K Pharma,07AAIFR7148G1ZY,Closed,PS/MN/20B/00 (PH MAIN STORE),
SE/PH/GRN/26/6692,DEL-26-40403,,19/09/2026,UMX200,Urimax 200mcg Cap,30049099,141840^5BB0196,31/01/2028,01/08/2025,(1.00 x Capsules),105.0,12.868,I,No,Novacare Healthcare Solutions Private Limited(DELHI),07AAGCN0847B1ZS,Closed,PS/MN/20B/00 (PH MAIN STORE),
SE/PH/GRN/26/6694,A002616,,19/09/2026,ALXLZ,Alex Lozenges,30049099,132702^73260013,30/04/2029,01/05/2026,Tablet,200.0,13.218,I,No,PHARMAGIX,06ABBFP4852H1Z8,Closed,PS/MN/20B/00 (PH MAIN STORE),
SE/PH/GRN/26/6694,A002616,,19/09/2026,CTR100,Ca Atra 10mg Capsules (100's),30049099,116171^P508006A,30/11/2027,01/12/2025,Bottle,4.0,8156.0,I,No,PHARMAGIX,06ABBFP4852H1Z8,Closed,PS/MN/20B/00 (PH MAIN STORE),
SE/PH/GRN/26/6694,A002616,,19/09/2026,EPT025,Eptus 25mg Tab,30049079,141848^18260494,30/06/2029,01/07/2026,Tablet,450.0,45.0,I,No,PHARMAGIX,06ABBFP4852H1Z8,Closed,PS/MN/20B/00 (PH MAIN STORE),
SE/PH/GRN/26/6694,A002616,,19/09/2026,GLV750,Glevo 750mg Tab,30042039 ,141227^TB-052651,30/04/2028,01/05/2026,Tablet,230.0,13.375,I,No,PHARMAGIX,06ABBFP4852H1Z8,Closed,PS/MN/20B/00 (PH MAIN STORE),
SE/PH/GRN/26/6694,A002616,,19/09/2026,SACU50,Sacu-v 50 Tab,30049099,140631^SCA04F26,31/05/2028,01/06/2026,Tablet,560.0,23.3571,I,No,PHARMAGIX,06ABBFP4852H1Z8,Closed,PS/MN/20B/00 (PH MAIN STORE),
SE/PH/GRN/26/6694,A002616,,19/09/2026,STZM1000,Sitazit M 50/1000 Tab,30049099,137409^18260416,31/05/2028,01/06/2026,Tablet,500.0,16.266,I,No,PHARMAGIX,06ABBFP4852H1Z8,Closed,PS/MN/20B/00 (PH MAIN STORE),
SE/PH/GRN/26/6695,SB-26-57158,,19/09/2026,BRVP10,Brevipil 10mg/ml Inj 5ml,30049082,138518^GTH0701B,31/01/2028,01/02/2026,Vial,180.0,176.0,I,No,MODEL ENTERPRISES PRIVATE LIMITED,07AAACM8063E1ZL,Closed,PS/MN/20B/00 (PH MAIN STORE),
SE/PH/GRN/26/6695,SB-26-57158,,19/09/2026,DRE500,Dicorate ER 500mg Tab,30049081,141120^GKH0902A,31/05/2028,01/06/2026,(1.00 x Tablet),700.0,22.5,I,No,MODEL ENTERPRISES PRIVATE LIMITED,07AAACM8063E1ZL,Closed,PS/MN/20B/00 (PH MAIN STORE),
SE/PH/GRN/26/6695,SB-26-57158,,19/09/2026,LCST100,Lacoset 100mg Tab,30049099,141852^SIH1082A,31/05/2028,01/06/2026,Tablet,500.0,19.875,I,No,MODEL ENTERPRISES PRIVATE LIMITED,07AAACM8063E1ZL,Closed,PS/MN/20B/00 (PH MAIN STORE),
SE/PH/GRN/26/6695,SB-26-57158,,19/09/2026,RCN025,Revocon 25mg Tab,30049099,134686^GTH1815A,31/05/2028,01/06/2026,Tablet,180.0,46.4,I,No,MODEL ENTERPRISES PRIVATE LIMITED,07AAACM8063E1ZL,Closed,PS/MN/20B/00 (PH MAIN STORE),
SE/PH/GRN/26/6695,SB-26-57158,,19/09/2026,RIFA400,RIFAGUT 400 Mg Tab,30049099,141359^GKH1119A,30/06/2028,01/07/2026,Tablet,400.0,45.0,I,No,MODEL ENTERPRISES PRIVATE LIMITED,07AAACM8063E1ZL,Closed,PS/MN/20B/00 (PH MAIN STORE),
SE/PH/GRN/26/6695,SB-26-57158,,19/09/2026,RAR015,Rivamer 1.5mg Cap,30049099,141351^SIH1067A,31/05/2028,01/06/2026,(1.00 x Capsules),180.0,21.7,I,No,MODEL ENTERPRISES PRIVATE LIMITED,07AAACM8063E1ZL,Closed,PS/MN/20B/00 (PH MAIN STORE),
SE/PH/GRN/26/6695,SB-26-57158,,19/09/2026,RAR015,Rivamer 1.5mg Cap,30049099,141351^SIH1067A,31/05/2028,01/06/2026,(1.00 x Capsules),120.0,21.7,I,No,MODEL ENTERPRISES PRIVATE LIMITED,07AAACM8063E1ZL,Closed,PS/MN/20B/00 (PH MAIN STORE),
SE/PH/GRN/26/6695,SB-26-57158,,19/09/2026,SLDL8,Silodal 8mg Cap,30049099,141851^SIH1290A,31/05/2028,01/06/2026,Capsule,700.0,31.9,I,No,MODEL ENTERPRISES PRIVATE LIMITED,07AAACM8063E1ZL,Closed,PS/MN/20B/00 (PH MAIN STORE),
SE/PH/GRN/26/6696,LOD-26-515,,19/09/2026,CHC236,Cerave Hydrating Cleanser 236ml,33049930,141849^B76A701,31/07/2029,01/07/2026,Bottle,48.0,799.0,I,No,Novacare Healthcare Solutions Private Limited(DELHI),07AAGCN0847B1ZS,Closed,PS/MN/20B/00 (PH MAIN STORE),
SE/PH/GRN/26/6696,LOD-26-515,,19/09/2026,CHC236,Cerave Hydrating Cleanser 236ml,33049930,135206^B76A600,30/06/2029,01/06/2026,Bottle,2.0,799.0,I,No,Novacare Healthcare Solutions Private Limited(DELHI),07AAGCN0847B1ZS,Closed,PS/MN/20B/00 (PH MAIN STORE),
SE/PH/GRN/26/6696,LOD-26-515,,19/09/2026,CHC236,Cerave Hydrating Cleanser 236ml,33049930,141850^B76A700,31/07/2029,01/07/2026,Bottle,10.0,799.0,I,No,Novacare Healthcare Solutions Private Limited(DELHI),07AAGCN0847B1ZS,Closed,PS/MN/20B/00 (PH MAIN STORE),
SE/PH/GRN/26/6696,LOD-26-515,,19/09/2026,CRVL236,CeraVe Moisturising Lotion 236ml,33049930,129914^B76A400,30/04/2029,01/04/2026,Bottle,25.0,1359.0,I,No,Novacare Healthcare Solutions Private Limited(DELHI),07AAGCN0847B1ZS,Closed,PS/MN/20B/00 (PH MAIN STORE),
SE/PH/GRN/26/6696,LOD-26-515,,19/09/2026,CRVL236,CeraVe Moisturising Lotion 236ml,33049930,129914^B76A400,30/04/2029,01/04/2026,Bottle,5.0,1359.0,I,No,Novacare Healthcare Solutions Private Limited(DELHI),07AAGCN0847B1ZS,Closed,PS/MN/20B/00 (PH MAIN STORE),
SE/PH/GRN/26/6697,DEL-26-40435,,19/09/2026,CBT1000,Cefbact 1000mg  Inj,30042019,138373^AFN26018,31/05/2028,01/06/2026,Vial,40.0,67.06,I,No,Novacare Healthcare Solutions Private Limited(DELHI),07AAGCN0847B1ZS,Closed,PS/MN/20B/00 (PH MAIN STORE),
SE/PH/GRN/26/6697,DEL-26-40435,,19/09/2026,CBT1000,Cefbact 1000mg  Inj,30042019,141854^IABJ26002A,31/05/2028,01/06/2026,Vial,780.0,67.06,I,No,Novacare Healthcare Solutions Private Limited(DELHI),07AAGCN0847B1ZS,Closed,PS/MN/20B/00 (PH MAIN STORE),
SE/PH/GRN/26/6697,DEL-26-40435,,19/09/2026,CBT1000,Cefbact 1000mg  Inj,30042019,141853^EABQ26015A,31/05/2028,01/06/2026,Vial,680.0,67.06,I,No,Novacare Healthcare Solutions Private Limited(DELHI),07AAGCN0847B1ZS,Closed,PS/MN/20B/00 (PH MAIN STORE),
SE/PH/GRN/26/6698,DEL-26-40425,,19/09/2026,DBNR30,Dubinor Gel 30gm,30049099,140342^DG1H605,31/12/2027,01/07/2026,Tube,51.0,399.0,I,No,Novacare Healthcare Solutions Private Limited(DELHI),07AAGCN0847B1ZS,Closed,PS/MN/20B/00 (PH MAIN STORE),
SE/PH/GRN/26/6698,DEL-26-40425,,19/09/2026,VTP050,Vorth TP 50mg Tab,30049069,132909^VP2PC602,31/03/2028,01/04/2026,Tablet,700.0,28.102,I,No,Novacare Healthcare Solutions Private Limited(DELHI),07AAGCN0847B1ZS,Closed,PS/MN/20B/00 (PH MAIN STORE),
SE/PH/GRN/26/6699,MD/26-27/29976,,19/09/2026,AMNC05,Amnac 0.1%w/v  Eye Drops 5ml,30049069,122224^ASB1019,30/09/2027,01/10/2025,Bottle,30.0,198.7,I,No,R.K Pharma,07AAIFR7148G1ZY,Closed,PS/MN/20B/00 (PH MAIN STORE),
SE/PH/GRN/26/6699,MD/26-27/29976,,19/09/2026,CLT025,Calcit SG 0.25mcg Cap,30049029,139996^CYC1017,31/01/2028,01/02/2026,(1.00 x Capsules),300.0,12.73,I,No,R.K Pharma,07AAIFR7148G1ZY,Closed,PS/MN/20B/00 (PH MAIN STORE),
SE/PH/GRN/26/6700,AP00001114,,19/09/2026,AON001,Acton OR 1000mg Tab,30049069,141867^ART26062,30/06/2029,01/07/2026,Tablet,1980.0,6.6,I,No,BHATIA MEDIWAYS AGENCIES(APEX CFA),07ACSPB6405G1ZP,Closed,PS/MN/20B/00 (PH MAIN STORE),
SE/PH/GRN/26/6700,AP00001114,,19/09/2026,DWT30,Dweet 3 Drops 30ml,30045039,136504^DWF26005,31/10/2027,01/05/2026,Bottle,66.0,84.42,I,No,BHATIA MEDIWAYS AGENCIES(APEX CFA),07ACSPB6405G1ZP,Closed,PS/MN/20B/00 (PH MAIN STORE),
SE/PH/GRN/26/6700,AP00001114,,19/09/2026,P250,P-250mg/5ml Suspension 60ml,30049069,141869^PTS26161,31/07/2028,01/08/2026,Bottle,120.0,42.84,I,No,BHATIA MEDIWAYS AGENCIES(APEX CFA),07ACSPB6405G1ZP,Closed,PS/MN/20B/00 (PH MAIN STORE),
SE/PH/GRN/26/6700,AP00001114,,19/09/2026,P250,P-250mg/5ml Suspension 60ml,30049069,141869^PTS26161,31/07/2028,01/08/2026,Bottle,120.0,42.84,I,No,BHATIA MEDIWAYS AGENCIES(APEX CFA),07ACSPB6405G1ZP,Closed,PS/MN/20B/00 (PH MAIN STORE),
SE/PH/GRN/26/6700,AP00001114,,19/09/2026,TFDM30,Tufderm Cream 30gm,30043200,138189^TDC2603,30/04/2028,01/05/2026,Tube,60.0,158.62,I,No,BHATIA MEDIWAYS AGENCIES(APEX CFA),07ACSPB6405G1ZP,Closed,PS/MN/20B/00 (PH MAIN STORE),
SE/PH/GRN/26/6700,AP00001114,,19/09/2026,TFDM30,Tufderm Cream 30gm,30043200,138189^TDC2603,30/04/2028,01/05/2026,Tube,20.0,158.62,I,No,BHATIA MEDIWAYS AGENCIES(APEX CFA),07ACSPB6405G1ZP,Closed,PS/MN/20B/00 (PH MAIN STORE),
SE/PH/GRN/26/6700,AP00001114,,19/09/2026,ZCV015,Zincovit tab,21069099,141870^ZVT26151,30/11/2027,01/06/2026,Tablet,450.0,7.178,I,No,BHATIA MEDIWAYS AGENCIES(APEX CFA),07ACSPB6405G1ZP,Closed,PS/MN/20B/00 (PH MAIN STORE),
SE/PH/GRN/26/6700,AP00001114,,19/09/2026,ZCV015,Zincovit tab,21069099,141868^ZVT26152,30/11/2027,01/06/2026,Tablet,1350.0,7.178,I,No,BHATIA MEDIWAYS AGENCIES(APEX CFA),07ACSPB6405G1ZP,Closed,PS/MN/20B/00 (PH MAIN STORE),
SE/PH/GRN/26/6700,AP00001114,,19/09/2026,ZCV015,Zincovit tab,21069099,141868^ZVT26152,30/11/2027,01/06/2026,Tablet,3450.0,7.178,I,No,BHATIA MEDIWAYS AGENCIES(APEX CFA),07ACSPB6405G1ZP,Closed,PS/MN/20B/00 (PH MAIN STORE),
SE/PH/GRN/26/6701,MD/26-27/29982,,19/09/2026,PSNT03,Posanat 300mg/16.7ml Inj,30049029,129088^1250253,30/11/2028,01/12/2025,Vial,1.0,7125.0,I,No,R.K Pharma,07AAIFR7148G1ZY,Closed,PS/MN/20B/00 (PH MAIN STORE),
SE/PH/GRN/26/6702,MD/26-27/29576,,19/09/2026,BPA050,Beparine 5000IU/5ml Inj,30019091,130555^AAE028AA,31/10/2028,01/11/2025,Vial,250.0,113.29,I,No,R.K Pharma,07AAIFR7148G1ZY,Closed,PS/MN/20B/00 (PH MAIN STORE),
SE/PH/GRN/26/6702,MD/26-27/29576,,19/09/2026,BPA050,Beparine 5000IU/5ml Inj,30019091,116927^AAE025AA,31/08/2028,01/09/2025,Vial,50.0,113.29,I,No,R.K Pharma,07AAIFR7148G1ZY,Closed,PS/MN/20B/00 (PH MAIN STORE),
SE/PH/GRN/26/6702,MD/26-27/29576,,19/09/2026,ENT040,Enoxatil 40mg/0.4ml inj,30049099,141284^ME2607022A,30/06/2028,01/07/2026,Syringe,200.0,481.66,I,No,R.K Pharma,07AAIFR7148G1ZY,Closed,PS/MN/20B/00 (PH MAIN STORE),
SE/PH/GRN/26/6702,MD/26-27/29576,,19/09/2026,G2K40,G2K 40mg injection,30049039,141866^PNDA6G23A,30/06/2028,01/07/2026,Vial,2400.0,54.24,I,No,R.K Pharma,07AAIFR7148G1ZY,Closed,PS/MN/20B/00 (PH MAIN STORE),
SE/PH/GRN/26/6703,MD/26-27/29570,,19/09/2026,BIP040,Bilypsa 4mg Tab(45's),30049099,132907^IB00806A,30/09/2028,01/04/2026,Bottle,9.0,2255.08,I,No,R.K Pharma,07AAIFR7148G1ZY,Closed,PS/MN/20B/00 (PH MAIN STORE),
SE/PH/GRN/26/6703,MD/26-27/29570,,19/09/2026,FUO500,FerUno 500 mg Inj,30049099,119562^250724B-1,30/06/2028,01/07/2025,Nos,10.0,3449.0,I,No,R.K Pharma,07AAIFR7148G1ZY,Closed,PS/MN/20B/00 (PH MAIN STORE),
SE/PH/GRN/26/6703,MD/26-27/29570,,19/09/2026,LVT010,Laviat 10mg Cap(10's),30049049,132992^LICF26B08,31/05/2028,01/06/2026,Bottle,1.0,1516.8,I,No,R.K Pharma,07AAIFR7148G1ZY,Closed,PS/MN/20B/00 (PH MAIN STORE),
SE/PH/GRN/26/6703,MD/26-27/29570,,19/09/2026,NYK305,Nykron Tab,30049099,141864^BEC1056,31/01/2028,01/02/2026,Tablet,10.0,2484.3,I,No,R.K Pharma,07AAIFR7148G1ZY,Closed,PS/MN/20B/00 (PH MAIN STORE),
SE/PH/GRN/26/6703,MD/26-27/29570,,19/09/2026,PED01,PepAir Device,5050788,131152^Z0312605,31/01/2031,01/02/2026,Nos,10.0,990.0,I,No,R.K Pharma,07AAIFR7148G1ZY,Closed,PS/MN/20B/00 (PH MAIN STORE),
SE/PH/GRN/26/6703,MD/26-27/29570,,19/09/2026,RCR4000,Renocrit 4000IU Inj PFS,30021500,141865^BB00129A,30/06/2028,01/03/2026,Syringe,3.0,1225.3,I,No,R.K Pharma,07AAIFR7148G1ZY,Closed,PS/MN/20B/00 (PH MAIN STORE),
SE/PH/GRN/26/6704,DL/GTI2627/9524,,19/09/2026,DPRS10,D-Pressin 10mcg Nasal Spray,30043990,125517^DEND6A1,31/03/2028,01/04/2026,Canister,4.0,1695.0,I,No,UNITED BIOTECH (P) LTD,07AAACU1839L1Z4,Closed,PS/MN/20B/00 (PH MAIN STORE),
SE/PH/GRN/26/6705,DL/GTI2627/9530,,19/09/2026,IFD100,Ifomid - M 1gm With Mesna Inj,30049049,138347^FMDF6B9,31/05/2028,01/06/2026,Vial,10.0,427.69,I,No,UNITED BIOTECH (P) LTD,07AAACU1839L1Z4,Closed,PS/MN/20B/00 (PH MAIN STORE),
SE/PH/GRN/26/6705,DL/GTI2627/9530,,19/09/2026,VAS001,Vasmed 1ml Inj,30042099,129626^VPIC6B4,29/02/2028,01/03/2026,Nos,100.0,334.0,I,No,UNITED BIOTECH (P) LTD,07AAACU1839L1Z4,Closed,PS/MN/20B/00 (PH MAIN STORE),
SE/PH/GRN/26/6706,GST-26-11179,,19/09/2026,OSTOE8,Osteo One 8mg/ml Inj (PFS),30043990,134683^260584,30/04/2028,01/05/2026,Syringe,1.0,19500.0,I,No,A.S. PHARMA PRIVATE LIMITED,07AAFCA5703N1ZK,Closed,PS/MN/20B/00 (PH MAIN STORE),
SE/PH/GRN/26/6707,DEL-26-40623,,19/09/2026,NSF003,Neosurf 3ml Inj,30049099,141862^26698A,30/06/2029,01/07/2026,Vial,1.0,6879.69,I,No,Novacare Healthcare Solutions Private Limited(DELHI),07AAGCN0847B1ZS,Closed,PS/MN/20B/00 (PH MAIN STORE),
SE/PH/GRN/26/6707,DEL-26-40623,,19/09/2026,NSF0005,Neosurf 5 ml Inj,30049099,141861^26701A,30/06/2029,01/07/2026,Vial,2.0,11466.15,I,No,Novacare Healthcare Solutions Private Limited(DELHI),07AAGCN0847B1ZS,Closed,PS/MN/20B/00 (PH MAIN STORE),
SE/PH/GRN/26/6711,291115138,,19/09/2026,VTMD16,Vertistar MD 16mg Tab,30049099,F65Z008,31/07/2028,01/06/2026,Tablet,240.0,12.2,I,No,MANKIND PHARMA LTD. (CFA -Delhi),07AAACM9401C1ZX,Open,PS/MN/20B/00 (PH MAIN STORE),
SE/PH/GRN/26/6712,291115902,,19/09/2026,GLZ040,Glizid 40mg Tab,30043190,R35Z005,31/07/2029,01/08/2026,(1.00 x Tablet),250.0,3.749,I,No,MANKIND PHARMA LTD. (CFA -Delhi),07AAACM9401C1ZX,Open,PS/MN/20B/00 (PH MAIN STORE),
SE/PH/GRN/26/6712,291115902,,19/09/2026,NFR150,Nuforce 150mg Tab,30049029,H45Z006,30/11/2028,01/06/2026,(1.00 x Tablet),300.0,12.95,I,No,MANKIND PHARMA LTD. (CFA -Delhi),07AAACM9401C1ZX,Open,PS/MN/20B/00 (PH MAIN STORE),
SE/PH/GRN/26/6713,291115794,,19/09/2026,MXED05,Mahaflox Eye Drops 5ml,30042039,A1MVZ013,30/06/2028,01/07/2026,Bottle,75.0,119.25,I,No,MANKIND PHARMA LTD. (CFA -Delhi),07AAACM9401C1ZX,Open,PS/MN/20B/00 (PH MAIN STORE),
SE/PH/GRN/26/6714,99670021,,19/09/2026,ONB020,Onebumin 20% 100ml Inj,30021290,A4C216AA,31/05/2028,04/06/2025,Bottle,80.0,9276.0,I,No,Takeda Biopharmaceuticals India Private Limited - CFA,06AAGCB2942K2ZM,Open,PS/MN/20B/00 (PH MAIN STORE),
SE/PH/GRN/26/6723,DEL-26-40436,,19/09/2026,MTA0100,Metaspray Nasal Spray,30043200,6SA0467,30/04/2029,01/05/2026,Bottle,11.0,596.82,I,No,Novacare Healthcare Solutions Private Limited(DELHI),07AAGCN0847B1ZS,Open,PS/MN/20B/00 (PH MAIN STORE),
SE/PH/GRN/26/6723,DEL-26-40436,,19/09/2026,TCN400,Ticocin 400mg Injection,30042099,BI260106A,31/03/2028,01/04/2026,Vial,494.0,3284.45,I,No,Novacare Healthcare Solutions Private Limited(DELHI),07AAGCN0847B1ZS,Open,PS/MN/20B/00 (PH MAIN STORE),
SE/PH/GRN/26/6723,DEL-26-40436,,19/09/2026,TVDMR35,Trivedon MR 35mg Tab,30049099,6SB0463,31/05/2029,01/06/2026,Tablet,10.0,23.472,I,No,Novacare Healthcare Solutions Private Limited(DELHI),07AAGCN0847B1ZS,Open,PS/MN/20B/00 (PH MAIN STORE),
SE/PH/GRN/26/6723,DEL-26-40436,,19/09/2026,TVDMR35,Trivedon MR 35mg Tab,30049099,6SB0463,31/05/2029,01/06/2026,Tablet,20.0,23.472,I,No,Novacare Healthcare Solutions Private Limited(DELHI),07AAGCN0847B1ZS,Open,PS/MN/20B/00 (PH MAIN STORE),
SE/PH/GRN/26/6724,DL/GTI2627/9531,,19/09/2026,BPG020,Bioplegia Inj 20ml,30049079,CGIG6A2,30/06/2028,01/07/2026,Ampoule,35.0,243.75,I,No,UNITED BIOTECH (P) LTD,07AAACU1839L1Z4,Open,PS/MN/20B/00 (PH MAIN STORE),
SE/PH/GRN/26/6724,DL/GTI2627/9531,,19/09/2026,BPG020,Bioplegia Inj 20ml,30049079,CGIK5A4,31/10/2027,01/11/2025,Ampoule,5.0,243.75,I,No,UNITED BIOTECH (P) LTD,07AAACU1839L1Z4,Open,PS/MN/20B/00 (PH MAIN STORE),
SE/PH/GRN/26/6724,DL/GTI2627/9531,,19/09/2026,DSS010,D-Pressin 0.1mg Tab(10's),30043990,DETG6A2,30/06/2028,01/07/2026,Strips,30.0,336.56,I,No,UNITED BIOTECH (P) LTD,07AAACU1839L1Z4,Open,PS/MN/20B/00 (PH MAIN STORE),
SE/PH/GRN/26/6724,DL/GTI2627/9531,,19/09/2026,HPGD05,Hepagard Granules 5gm,30049039,HGPH6A8,31/07/2028,01/08/2026,Sachet,180.0,234.0,I,No,UNITED BIOTECH (P) LTD,07AAACU1839L1Z4,Open,PS/MN/20B/00 (PH MAIN STORE),
SE/PH/GRN/26/6724,DL/GTI2627/9531,,19/09/2026,KEZ001,Kezone-S 1gm Inj,30042019,CSDC5A3,28/02/2027,01/03/2025,Nos,20.0,402.19,I,No,UNITED BIOTECH (P) LTD,07AAACU1839L1Z4,Open,PS/MN/20B/00 (PH MAIN STORE),
SE/PH/GRN/26/6724,DL/GTI2627/9531,,19/09/2026,KEZ002,Kezone-S 2gm Inj,30042019,CSDG5B4,30/06/2027,01/07/2025,Nos,20.0,675.0,I,No,UNITED BIOTECH (P) LTD,07AAACU1839L1Z4,Open,PS/MN/20B/00 (PH MAIN STORE),
SE/PH/GRN/26/6724,DL/GTI2627/9531,,19/09/2026,OCR500,Oncofluor 500mg/10ml Inj,30049042,OFIH6B21,31/07/2028,01/08/2026,Ampoule,100.0,28.5,I,No,UNITED BIOTECH (P) LTD,07AAACU1839L1Z4,Open,PS/MN/20B/00 (PH MAIN STORE),
SE/PH/GRN/26/6724,DL/GTI2627/9531,,19/09/2026,SUP1000,Sol-U-Pred 1000mg Inj,30043912,MPDD6F3,31/03/2028,01/04/2026,Vial,10.0,1410.0,I,No,UNITED BIOTECH (P) LTD,07AAACU1839L1Z4,Open,PS/MN/20B/00 (PH MAIN STORE),
SE/PH/GRN/26/6724,DL/GTI2627/9531,,19/09/2026,SUP125,Sol-U-Pred 125mg Inj,30043912,MPDK5B7,31/10/2027,01/11/2025,Vial,80.0,406.88,I,No,UNITED BIOTECH (P) LTD,07AAACU1839L1Z4,Open,PS/MN/20B/00 (PH MAIN STORE),
SE/PH/GRN/26/6724,DL/GTI2627/9531,,19/09/2026,SUP040,Sol-U-Pred 40mg Inj,30043912,MPDE6A2,30/04/2028,01/05/2026,Vial,200.0,84.38,I,No,UNITED BIOTECH (P) LTD,07AAACU1839L1Z4,Open,PS/MN/20B/00 (PH MAIN STORE),
SE/PH/GRN/26/6724,DL/GTI2627/9531,,19/09/2026,SUP500,Sol-U-Pred 500mg Inj,30043912,MPDE6E4,30/04/2028,01/05/2026,Vial,10.0,703.13,I,No,UNITED BIOTECH (P) LTD,07AAACU1839L1Z4,Open,PS/MN/20B/00 (PH MAIN STORE),
SE/PH/GRN/26/6724,DL/GTI2627/9531,,19/09/2026,UBN10,Uniblastin 10mg/10ml Inj,30049043,VBIG6A3,30/06/2028,01/07/2026,Vial,10.0,268.5,I,No,UNITED BIOTECH (P) LTD,07AAACU1839L1Z4,Open,PS/MN/20B/00 (PH MAIN STORE),
SE/PH/GRN/26/6725,DEL-26-40420,,19/09/2026,MSP200,Misoprost 200mcg Tab,30049099,6GH0171,31/08/2027,01/03/2026,Tablet,320.0,20.3975,I,No,Novacare Healthcare Solutions Private Limited(DELHI),07AAGCN0847B1ZS,Open,PS/MN/20B/00 (PH MAIN STORE),
SE/PH/GRN/26/6725,DEL-26-40420,,19/09/2026,MXK005,Moxicip KT Eye Drop,30042039,6A00102,31/03/2028,01/04/2026,Drop,30.0,198.18,I,No,Novacare Healthcare Solutions Private Limited(DELHI),07AAGCN0847B1ZS,Open,PS/MN/20B/00 (PH MAIN STORE),
